"playerID","award","year","lgID","note","pos"
"feeribo01","All-NBA First Team","1946","NBA",,
"fulksjo01","All-NBA First Team","1946","NBA",,
"mckinho01","All-NBA First Team","1946","NBA",,
"miasest01","All-NBA First Team","1946","NBA",,
"zasloma01","All-NBA First Team","1946","NBA",,
"baumhfr01","All-NBA Second Team","1946","NBA",,
"calveer01","All-NBA Second Team","1946","NBA",,
"halbech01","All-NBA Second Team","1946","NBA",,
"loganjo01","All-NBA Second Team","1946","NBA",,
"scolafr01","All-NBA Second Team","1946","NBA",,
"dallmho01","All-NBA First Team","1947","NBA",,
"feeribo01","All-NBA First Team","1947","NBA",,
"fulksjo01","All-NBA First Team","1947","NBA",,
"sadowed01","All-NBA First Team","1947","NBA",,
"zasloma01","All-NBA First Team","1947","NBA",,
"braunca01","All-NBA Second Team","1947","NBA",,
"jeannbu01","All-NBA Second Team","1947","NBA",,
"loganjo01","All-NBA Second Team","1947","NBA",,
"miasest01","All-NBA Second Team","1947","NBA",,
"scolafr01","All-NBA Second Team","1947","NBA",,
"daviebo01","All-NBA First Team","1948","NBA",,
"fulksjo01","All-NBA First Team","1948","NBA",,
"mikange01","All-NBA First Team","1948","NBA",,
"pollaji01","All-NBA First Team","1948","NBA",,
"zasloma01","All-NBA First Team","1948","NBA",,
"feeribo01","All-NBA Second Team","1948","NBA",,
"loganjo01","All-NBA Second Team","1948","NBA",,
"mckinho01","All-NBA Second Team","1948","NBA",,
"risenar01","All-NBA Second Team","1948","NBA",,
"sailoke01","All-NBA Second Team","1948","NBA",,
"daviebo01","All-NBA First Team","1949","NBA",,
"grozaal01","All-NBA First Team","1949","NBA",,
"mikange01","All-NBA First Team","1949","NBA",,
"pollaji01","All-NBA First Team","1949","NBA",,
"zasloma01","All-NBA First Team","1949","NBA",,
"beardra01","All-NBA Second Team","1949","NBA",,
"brianfr01","All-NBA Second Team","1949","NBA",,
"cervial01","All-NBA Second Team","1949","NBA",,
"schaufr01","All-NBA Second Team","1949","NBA",,
"schaydo01","All-NBA Second Team","1949","NBA",,
"beardra01","All-NBA First Team","1950","NBA",,
"daviebo01","All-NBA First Team","1950","NBA",,
"grozaal01","All-NBA First Team","1950","NBA",,
"macaued01","All-NBA First Team","1950","NBA",,
"mikange01","All-NBA First Team","1950","NBA",,
"brianfr01","All-NBA Second Team","1950","NBA",,
"fulksjo01","All-NBA Second Team","1950","NBA",,
"mcguidi01","All-NBA Second Team","1950","NBA",,
"mikkeve01","All-NBA Second Team","1950","NBA",,
"schaydo01","All-NBA Second Team","1950","NBA",,
"arizipa01","All-NBA First Team","1951","NBA",,
"cousybo01","All-NBA First Team","1951","NBA",,
"daviebo01","All-NBA First Team","1951","NBA",,
"macaued01","All-NBA First Team","1951","NBA",,
"mikange01","All-NBA First Team","1951","NBA",,
"schaydo01","All-NBA First Team","1951","NBA",,
"foustla01","All-NBA Second Team","1951","NBA",,
"mikkeve01","All-NBA Second Team","1951","NBA",,
"phillan01","All-NBA Second Team","1951","NBA",,
"pollaji01","All-NBA Second Team","1951","NBA",,
"wanzebo01","All-NBA Second Team","1951","NBA",,
"cousybo01","All-NBA First Team","1952","NBA",,
"johnsne01","All-NBA First Team","1952","NBA",,
"macaued01","All-NBA First Team","1952","NBA",,
"mikange01","All-NBA First Team","1952","NBA",,
"schaydo01","All-NBA First Team","1952","NBA",,
"daviebo01","All-NBA Second Team","1952","NBA",,
"mikkeve01","All-NBA Second Team","1952","NBA",,
"phillan01","All-NBA Second Team","1952","NBA",,
"sharmbi01","All-NBA Second Team","1952","NBA",,
"wanzebo01","All-NBA Second Team","1952","NBA",,
"meinedo01","Rookie of the Year","1952","NBA",,
"cousybo01","All-NBA First Team","1953","NBA",,
"gallaha01","All-NBA First Team","1953","NBA",,
"johnsne01","All-NBA First Team","1953","NBA",,
"mikange01","All-NBA First Team","1953","NBA",,
"schaydo01","All-NBA First Team","1953","NBA",,
"braunca01","All-NBA Second Team","1953","NBA",,
"macaued01","All-NBA Second Team","1953","NBA",,
"pollaji01","All-NBA Second Team","1953","NBA",,
"seymopa01","All-NBA Second Team","1953","NBA",,
"wanzebo01","All-NBA Second Team","1953","NBA",,
"felixra01","Rookie of the Year","1953","NBA",,
"cousybo01","All-NBA First Team","1954","NBA",,
"foustla01","All-NBA First Team","1954","NBA",,
"johnsne01","All-NBA First Team","1954","NBA",,
"pettibo01","All-NBA First Team","1954","NBA",,
"schaydo01","All-NBA First Team","1954","NBA",,
"gallaha01","All-NBA Second Team","1954","NBA",,
"martisl01","All-NBA Second Team","1954","NBA",,
"mikkeve01","All-NBA Second Team","1954","NBA",,
"seymopa01","All-NBA Second Team","1954","NBA",,
"sharmbi01","All-NBA Second Team","1954","NBA",,
"pettibo01","Rookie of the Year","1954","NBA",,
"arizipa01","All-NBA First Team","1955","NBA",,"F"
"cousybo01","All-NBA First Team","1955","NBA",,"G"
"johnsne01","All-NBA First Team","1955","NBA",,"C"
"pettibo01","All-NBA First Team","1955","NBA",,"F"
"sharmbi01","All-NBA First Team","1955","NBA",,"G"
"georgja01","All-NBA Second Team","1955","NBA",,"G"
"lovelcl01","All-NBA Second Team","1955","NBA",,"C"
"martisl01","All-NBA Second Team","1955","NBA",,"G"
"schaydo01","All-NBA Second Team","1955","NBA",,"F"
"stokema01","All-NBA Second Team","1955","NBA",,"F"
"pettibo01","Most Valuable Player","1955","NBA",,
"stokema01","Rookie of the Year","1955","NBA",,
"arizipa01","All-NBA First Team","1956","NBA",,"F"
"cousybo01","All-NBA First Team","1956","NBA",,"G"
"pettibo01","All-NBA First Team","1956","NBA",,"C"
"schaydo01","All-NBA First Team","1956","NBA",,"F"
"sharmbi01","All-NBA First Team","1956","NBA",,"G"
"garmadi01","All-NBA Second Team","1956","NBA",,"G"
"johnsne01","All-NBA Second Team","1956","NBA",,"C"
"martisl01","All-NBA Second Team","1956","NBA",,"G"
"stokema01","All-NBA Second Team","1956","NBA",,"F"
"yardlge01","All-NBA Second Team","1956","NBA",,"F"
"cousybo01","Most Valuable Player","1956","NBA",,
"heinsto01","Rookie of the Year","1956","NBA",,
"cousybo01","All-NBA First Team","1957","NBA",,"G"
"pettibo01","All-NBA First Team","1957","NBA",,"C"
"schaydo01","All-NBA First Team","1957","NBA",,"F"
"sharmbi01","All-NBA First Team","1957","NBA",,"G"
"yardlge01","All-NBA First Team","1957","NBA",,"F"
"golato01","All-NBA Second Team","1957","NBA",,"G"
"hagancl01","All-NBA Second Team","1957","NBA",,"F"
"martisl01","All-NBA Second Team","1957","NBA",,"G"
"russebi01","All-NBA Second Team","1957","NBA",,"C"
"stokema01","All-NBA Second Team","1957","NBA",,"F"
"russebi01","Most Valuable Player","1957","NBA",,
"sauldwo01","Rookie of the Year","1957","NBA",,
"bayloel01","All-NBA First Team","1958","NBA",,"F"
"cousybo01","All-NBA First Team","1958","NBA",,"G"
"pettibo01","All-NBA First Team","1958","NBA",,"F"
"russebi01","All-NBA First Team","1958","NBA",,"C"
"sharmbi01","All-NBA First Team","1958","NBA",,"G"
"arizipa01","All-NBA Second Team","1958","NBA",,"F"
"gueriri01","All-NBA Second Team","1958","NBA",,"G"
"hagancl01","All-NBA Second Team","1958","NBA",,"F"
"martisl01","All-NBA Second Team","1958","NBA",,"G"
"schaydo01","All-NBA Second Team","1958","NBA",,"C"
"pettibo01","Most Valuable Player","1958","NBA",,
"bayloel01","Rookie of the Year","1958","NBA",,
"bayloel01","All-NBA First Team","1959","NBA",,"F"
"chambwi01","All-NBA First Team","1959","NBA",,"C"
"cousybo01","All-NBA First Team","1959","NBA",,"G"
"pettibo01","All-NBA First Team","1959","NBA",,"F"
"shuege01","All-NBA First Team","1959","NBA",,"G"
"gueriri01","All-NBA Second Team","1959","NBA",,"G"
"russebi01","All-NBA Second Team","1959","NBA",,"C"
"schaydo01","All-NBA Second Team","1959","NBA",,"F"
"sharmbi01","All-NBA Second Team","1959","NBA",,"G"
"twymaja01","All-NBA Second Team","1959","NBA",,"F"
"chambwi01","Most Valuable Player","1959","NBA",,
"chambwi01","Rookie of the Year","1959","NBA",,
"bayloel01","All-NBA First Team","1960","NBA",,"F"
"chambwi01","All-NBA First Team","1960","NBA",,"C"
"cousybo01","All-NBA First Team","1960","NBA",,"G"
"pettibo01","All-NBA First Team","1960","NBA",,"F"
"roberos01","All-NBA First Team","1960","NBA",,"G"
"costela01","All-NBA Second Team","1960","NBA",,"G"
"heinsto01","All-NBA Second Team","1960","NBA",,"F"
"russebi01","All-NBA Second Team","1960","NBA",,"C"
"schaydo01","All-NBA Second Team","1960","NBA",,"F"
"shuege01","All-NBA Second Team","1960","NBA",,"G"
"russebi01","Most Valuable Player","1960","NBA",,
"roberos01","Rookie of the Year","1960","NBA",,
"bayloel01","All-NBA First Team","1961","NBA",,"F"
"chambwi01","All-NBA First Team","1961","NBA",,"C"
"pettibo01","All-NBA First Team","1961","NBA",,"F"
"roberos01","All-NBA First Team","1961","NBA",,"G"
"westje01","All-NBA First Team","1961","NBA",,"G"
"cousybo01","All-NBA Second Team","1961","NBA",,"G"
"gueriri01","All-NBA Second Team","1961","NBA",,"G"
"heinsto01","All-NBA Second Team","1961","NBA",,"F"
"russebi01","All-NBA Second Team","1961","NBA",,"C"
"twymaja01","All-NBA Second Team","1961","NBA",,"F"
"russebi01","Most Valuable Player","1961","NBA",,
"bellawa01","Rookie of the Year","1961","NBA",,
"bayloel01","All-NBA First Team","1962","NBA",,"F"
"pettibo01","All-NBA First Team","1962","NBA",,"F"
"roberos01","All-NBA First Team","1962","NBA",,"G"
"russebi01","All-NBA First Team","1962","NBA",,"C"
"westje01","All-NBA First Team","1962","NBA",,"G"
"chambwi01","All-NBA Second Team","1962","NBA",,"C"
"cousybo01","All-NBA Second Team","1962","NBA",,"G"
"greerha01","All-NBA Second Team","1962","NBA",,"G"
"heinsto01","All-NBA Second Team","1962","NBA",,"F"
"howelba01","All-NBA Second Team","1962","NBA",,"F"
"russebi01","Most Valuable Player","1962","NBA",,
"dischte01","Rookie of the Year","1962","NBA",,
"bayloel01","All-NBA First Team","1963","NBA",,"F"
"chambwi01","All-NBA First Team","1963","NBA",,"C"
"pettibo01","All-NBA First Team","1963","NBA",,"F"
"roberos01","All-NBA First Team","1963","NBA",,"G"
"westje01","All-NBA First Team","1963","NBA",,"G"
"greerha01","All-NBA Second Team","1963","NBA",,"G"
"havlijo01","All-NBA Second Team","1963","NBA",,"G"
"heinsto01","All-NBA Second Team","1963","NBA",,"F"
"lucasje01","All-NBA Second Team","1963","NBA",,"F"
"russebi01","All-NBA Second Team","1963","NBA",,"C"
"roberos01","Most Valuable Player","1963","NBA",,
"lucasje01","Rookie of the Year","1963","NBA",,
"bayloel01","All-NBA First Team","1964","NBA",,"F"
"lucasje01","All-NBA First Team","1964","NBA",,"F"
"roberos01","All-NBA First Team","1964","NBA",,"G"
"russebi01","All-NBA First Team","1964","NBA",,"C"
"westje01","All-NBA First Team","1964","NBA",,"G"
"chambwi01","All-NBA Second Team","1964","NBA",,"C"
"greerha01","All-NBA Second Team","1964","NBA",,"G"
"johnsgu01","All-NBA Second Team","1964","NBA",,"F"
"jonessa01","All-NBA Second Team","1964","NBA",,"G"
"pettibo01","All-NBA Second Team","1964","NBA",,"F"
"russebi01","Most Valuable Player","1964","NBA",,
"reedwi01","Rookie of the Year","1964","NBA",,
"barryri01","All-NBA First Team","1965","NBA",,"F"
"chambwi01","All-NBA First Team","1965","NBA",,"C"
"lucasje01","All-NBA First Team","1965","NBA",,"F"
"roberos01","All-NBA First Team","1965","NBA",,"G"
"westje01","All-NBA First Team","1965","NBA",,"G"
"greerha01","All-NBA Second Team","1965","NBA",,"G"
"havlijo01","All-NBA Second Team","1965","NBA",,"F"
"johnsgu01","All-NBA Second Team","1965","NBA",,"F"
"jonessa01","All-NBA Second Team","1965","NBA",,"G"
"russebi01","All-NBA Second Team","1965","NBA",,"C"
"chambwi01","Most Valuable Player","1965","NBA",,
"barryri01","Rookie of the Year","1965","NBA",,
"barryri01","All-NBA First Team","1966","NBA",,"F"
"bayloel01","All-NBA First Team","1966","NBA",,"F"
"chambwi01","All-NBA First Team","1966","NBA",,"C"
"roberos01","All-NBA First Team","1966","NBA",,"G"
"westje01","All-NBA First Team","1966","NBA",,"G"
"greerha01","All-NBA Second Team","1966","NBA",,"G"
"jonessa01","All-NBA Second Team","1966","NBA",,"G"
"lucasje01","All-NBA Second Team","1966","NBA",,"F"
"reedwi01","All-NBA Second Team","1966","NBA",,"F"
"russebi01","All-NBA Second Team","1966","NBA",,"C"
"chambwi01","Most Valuable Player","1966","NBA",,
"bingda01","Rookie of the Year","1966","NBA",,
"danieme01","All-ABA First Team","1967","ABA",,"C"
"hawkico01","All-ABA First Team","1967","ABA",,"F"
"jonesla01","All-ABA First Team","1967","ABA",,"G"
"moedo01","All-ABA First Team","1967","ABA",,"F"
"willich01","All-ABA First Team","1967","ABA",,"G"
"beasljo01","All-ABA Second Team","1967","ABA",,"C"
"brownla01","All-ABA Second Team","1967","ABA",,"G"
"brownro01","All-ABA Second Team","1967","ABA",,"F"
"dampilo01","All-ABA Second Team","1967","ABA",,"G"
"powelci01","All-ABA Second Team","1967","ABA",,"F"
"bayloel01","All-NBA First Team","1967","NBA",,"F"
"bingda01","All-NBA First Team","1967","NBA",,"G"
"chambwi01","All-NBA First Team","1967","NBA",,"C"
"lucasje01","All-NBA First Team","1967","NBA",,"F"
"roberos01","All-NBA First Team","1967","NBA",,"G"
"greerha01","All-NBA Second Team","1967","NBA",,"G"
"havlijo01","All-NBA Second Team","1967","NBA",,"F"
"reedwi01","All-NBA Second Team","1967","NBA",,"F"
"russebi01","All-NBA Second Team","1967","NBA",,"C"
"westje01","All-NBA Second Team","1967","NBA",,"G"
"hawkico01","Finals MVP","1967","ABA",,
"chambwi01","Most Valuable Player","1967","NBA",,
"hawkico01","Most Valuable Player","1967","ABA",,
"danieme01","Rookie of the Year","1967","ABA",,
"monroea01","Rookie of the Year","1967","NBA",,
"barryri01","All-ABA First Team","1968","ABA",,"F"
"danieme01","All-ABA First Team","1968","ABA",,"C"
"hawkico01","All-ABA First Team","1968","ABA",,"F"
"jonesji01","All-ABA First Team","1968","ABA",,"G"
"jonesla01","All-ABA First Team","1968","ABA",,"G"
"beasljo01","All-ABA Second Team","1968","ABA",,"F"
"dampilo01","All-ABA Second Team","1968","ABA",,"G"
"freemdo01","All-ABA Second Team","1968","ABA",,"G"
"moedo01","All-ABA Second Team","1968","ABA",,"F"
"robbire01","All-ABA Second Team","1968","ABA",,"C"
"debusda01","All-Defensive First Team","1968","NBA",,
"fraziwa01","All-Defensive First Team","1968","NBA",,
"russebi01","All-Defensive First Team","1968","NBA",,
"sloanje01","All-Defensive First Team","1968","NBA",,
"thurmna01","All-Defensive First Team","1968","NBA",,
"bridgbi01","All-Defensive Second Team","1968","NBA",,
"havlijo01","All-Defensive Second Team","1968","NBA",,
"larusru01","All-Defensive Second Team","1968","NBA",,
"sandeto01","All-Defensive Second Team","1968","NBA",,
"westje01","All-Defensive Second Team","1968","NBA",,
"bayloel01","All-NBA First Team","1968","NBA",,"F"
"cunnibi01","All-NBA First Team","1968","NBA",,"F"
"monroea01","All-NBA First Team","1968","NBA",,"G"
"roberos01","All-NBA First Team","1968","NBA",,"G"
"unselwe01","All-NBA First Team","1968","NBA",,"C"
"debusda01","All-NBA Second Team","1968","NBA",,"F"
"greerha01","All-NBA Second Team","1968","NBA",,"G"
"havlijo01","All-NBA Second Team","1968","NBA",,"F"
"reedwi01","All-NBA Second Team","1968","NBA",,"C"
"westje01","All-NBA Second Team","1968","NBA",,"G"
"jabalwa01","Finals MVP","1968","ABA",,
"westje01","Finals MVP","1968","NBA",,
"danieme01","Most Valuable Player","1968","ABA",,
"unselwe01","Most Valuable Player","1968","NBA",,
"jabalwa01","Rookie of the Year","1968","ABA",,
"unselwe01","Rookie of the Year","1968","NBA",,
"barryri01","All-ABA First Team","1969","ABA",,"F"
"danieme01","All-ABA First Team","1969","ABA",,"C"
"haywosp01","All-ABA First Team","1969","ABA",,"F"
"jonesla01","All-ABA First Team","1969","ABA",,"G"
"vergabo01","All-ABA First Team","1969","ABA",,"G"
"brownro01","All-ABA Second Team","1969","ABA",,"F"
"dampilo01","All-ABA Second Team","1969","ABA",,"G"
"freemdo01","All-ABA Second Team","1969","ABA",,"G"
"netolbo01","All-ABA Second Team","1969","ABA",,"F"
"robbire01","All-ABA Second Team","1969","ABA",,"C"
"debusda01","All-Defensive First Team","1969","NBA",,
"fraziwa01","All-Defensive First Team","1969","NBA",,
"johnsgu01","All-Defensive First Team","1969","NBA",,
"reedwi01","All-Defensive First Team","1969","NBA",,
"westje01","All-Defensive First Team","1969","NBA",,
"abdulka01","All-Defensive Second Team","1969","NBA",,
"bridgbi01","All-Defensive Second Team","1969","NBA",,
"caldwjo01","All-Defensive Second Team","1969","NBA",,
"havlijo01","All-Defensive Second Team","1969","NBA",,
"sloanje01","All-Defensive Second Team","1969","NBA",,
"cunnibi01","All-NBA First Team","1969","NBA",,"F"
"fraziwa01","All-NBA First Team","1969","NBA",,"G"
"hawkico01","All-NBA First Team","1969","NBA",,"F"
"reedwi01","All-NBA First Team","1969","NBA",,"C"
"westje01","All-NBA First Team","1969","NBA",,"G"
"abdulka01","All-NBA Second Team","1969","NBA",,"C"
"havlijo01","All-NBA Second Team","1969","NBA",,"F"
"hudsolo01","All-NBA Second Team","1969","NBA",,"G"
"johnsgu01","All-NBA Second Team","1969","NBA",,"F"
"roberos01","All-NBA Second Team","1969","NBA",,"G"
"brownro01","Finals MVP","1969","ABA",,
"reedwi01","Finals MVP","1969","NBA",,
"haywosp01","Most Valuable Player","1969","ABA",,
"reedwi01","Most Valuable Player","1969","NBA",,
"abdulka01","Rookie of the Year","1969","NBA",,
"haywosp01","Rookie of the Year","1969","ABA",,
"barryri01","All-ABA First Team","1970","ABA",,"F"
"brownro01","All-ABA First Team","1970","ABA",,"F"
"calvima01","All-ABA First Team","1970","ABA",,"G"
"danieme01","All-ABA First Team","1970","ABA",,"C"
"scottch01","All-ABA First Team","1970","ABA",,"G"
"beatyze01","All-ABA Second Team","1970","ABA","tie","C"
"briskjo01","All-ABA Second Team","1970","ABA",,"F"
"caldwjo01","All-ABA Second Team","1970","ABA",,"F"
"cannola01","All-ABA Second Team","1970","ABA",,"G"
"freemdo01","All-ABA Second Team","1970","ABA",,"G"
"isselda01","All-ABA Second Team","1970","ABA","tie","C"
"debusda01","All-Defensive First Team","1970","NBA",,
"fraziwa01","All-Defensive First Team","1970","NBA",,
"johnsgu01","All-Defensive First Team","1970","NBA",,
"thurmna01","All-Defensive First Team","1970","NBA",,
"westje01","All-Defensive First Team","1970","NBA",,
"abdulka01","All-Defensive Second Team","1970","NBA",,
"havlijo01","All-Defensive Second Team","1970","NBA",,
"silaspa01","All-Defensive Second Team","1970","NBA",,
"sloanje01","All-Defensive Second Team","1970","NBA",,
"vanlino01","All-Defensive Second Team","1970","NBA",,
"abdulka01","All-NBA First Team","1970","NBA",,"C"
"bingda01","All-NBA First Team","1970","NBA",,"G"
"cunnibi01","All-NBA First Team","1970","NBA",,"F"
"havlijo01","All-NBA First Team","1970","NBA",,"F"
"westje01","All-NBA First Team","1970","NBA",,"G"
"fraziwa01","All-NBA Second Team","1970","NBA",,"G"
"johnsgu01","All-NBA Second Team","1970","NBA",,"F"
"lovebo01","All-NBA Second Team","1970","NBA",,"F"
"reedwi01","All-NBA Second Team","1970","NBA",,"C"
"roberos01","All-NBA Second Team","1970","NBA",,"G"
"abdulka01","Finals MVP","1970","NBA",,
"beatyze01","Finals MVP","1970","ABA",,
"abdulka01","Most Valuable Player","1970","NBA",,
"danieme01","Most Valuable Player","1970","ABA",,
"cowenda01","Rookie of the Year","1970","NBA","tie",
"isselda01","Rookie of the Year","1970","ABA","tie",
"petrige01","Rookie of the Year","1970","NBA","tie",
"scottch01","Rookie of the Year","1970","ABA","tie",
"barryri01","All-ABA First Team","1971","ABA",,"F"
"freemdo01","All-ABA First Team","1971","ABA",,"G"
"gilmoar01","All-ABA First Team","1971","ABA",,"C"
"isselda01","All-ABA First Team","1971","ABA",,"F"
"melchbi01","All-ABA First Team","1971","ABA",,"G"
"beatyze01","All-ABA Second Team","1971","ABA",,"C"
"ervinju01","All-ABA Second Team","1971","ABA",,"F"
"scottch01","All-ABA Second Team","1971","ABA",,"G"
"simpsra01","All-ABA Second Team","1971","ABA",,"G"
"wisewi01","All-ABA Second Team","1971","ABA",,"F"
"chambwi01","All-Defensive First Team","1971","NBA",,
"debusda01","All-Defensive First Team","1971","NBA",,
"fraziwa01","All-Defensive First Team","1971","NBA","tie",
"havlijo01","All-Defensive First Team","1971","NBA",,
"sloanje01","All-Defensive First Team","1971","NBA","tie",
"westje01","All-Defensive First Team","1971","NBA",,
"chanedo01","All-Defensive Second Team","1971","NBA",,
"lovebo01","All-Defensive Second Team","1971","NBA",,
"silaspa01","All-Defensive Second Team","1971","NBA",,
"thurmna01","All-Defensive Second Team","1971","NBA",,
"vanlino01","All-Defensive Second Team","1971","NBA",,
"abdulka01","All-NBA First Team","1971","NBA",,"C"
"fraziwa01","All-NBA First Team","1971","NBA",,"G"
"havlijo01","All-NBA First Team","1971","NBA",,"F"
"haywosp01","All-NBA First Team","1971","NBA",,"F"
"westje01","All-NBA First Team","1971","NBA",,"G"
"archina01","All-NBA Second Team","1971","NBA",,"G"
"chambwi01","All-NBA Second Team","1971","NBA",,"C"
"clarkar01","All-NBA Second Team","1971","NBA",,"G"
"cunnibi01","All-NBA Second Team","1971","NBA",,"F"
"lovebo01","All-NBA Second Team","1971","NBA",,"F"
"chambwi01","Finals MVP","1971","NBA",,
"lewisfr02","Finals MVP","1971","ABA",,
"abdulka01","Most Valuable Player","1971","NBA",,
"gilmoar01","Most Valuable Player","1971","ABA",,
"gilmoar01","Rookie of the Year","1971","ABA",,
"wickssi01","Rookie of the Year","1971","NBA",,
"cunnibi01","All-ABA First Team","1972","ABA",,"F"
"ervinju01","All-ABA First Team","1972","ABA",,"F"
"gilmoar01","All-ABA First Team","1972","ABA",,"C"
"jabalwa01","All-ABA First Team","1972","ABA",,"G"
"jonesji01","All-ABA First Team","1972","ABA",,"G"
"calvima01","All-ABA Second Team","1972","ABA",,"G"
"danieme01","All-ABA Second Team","1972","ABA",,"C"
"isselda01","All-ABA Second Team","1972","ABA",,"F"
"mcginge01","All-ABA Second Team","1972","ABA",,"F"
"simpsra01","All-ABA Second Team","1972","ABA",,"G"
"chambwi01","All-Defensive First Team","1972","NBA",,
"debusda01","All-Defensive First Team","1972","NBA",,
"fraziwa01","All-Defensive First Team","1972","NBA",,
"havlijo01","All-Defensive First Team","1972","NBA",,
"westje01","All-Defensive First Team","1972","NBA",,
"chanedo01","All-Defensive Second Team","1972","NBA",,
"riordmi01","All-Defensive Second Team","1972","NBA",,
"silaspa01","All-Defensive Second Team","1972","NBA",,
"thurmna01","All-Defensive Second Team","1972","NBA",,
"vanlino01","All-Defensive Second Team","1972","NBA",,
"caldwjo01","All-Defensive Team","1972","ABA",,
"galemi01","All-Defensive Team","1972","ABA",,
"gilmoar01","All-Defensive Team","1972","ABA",,
"keyeju01","All-Defensive Team","1972","ABA",,
"taylofa01","All-Defensive Team","1972","ABA",,
"wisewi01","All-Defensive Team","1972","ABA",,
"abdulka01","All-NBA First Team","1972","NBA",,"C"
"archina01","All-NBA First Team","1972","NBA",,"G"
"havlijo01","All-NBA First Team","1972","NBA",,"F"
"haywosp01","All-NBA First Team","1972","NBA",,"F"
"westje01","All-NBA First Team","1972","NBA",,"G"
"barryri01","All-NBA Second Team","1972","NBA",,"F"
"cowenda01","All-NBA Second Team","1972","NBA",,"C"
"fraziwa01","All-NBA Second Team","1972","NBA",,"G"
"hayesel01","All-NBA Second Team","1972","NBA",,"F"
"maravpe01","All-NBA Second Team","1972","NBA",,"G"
"mcginge01","Finals MVP","1972","ABA",,
"reedwi01","Finals MVP","1972","NBA",,
"cowenda01","Most Valuable Player","1972","NBA",,
"cunnibi01","Most Valuable Player","1972","ABA",,
"mcadobo01","Rookie of the Year","1972","NBA",,
"taylobr01","Rookie of the Year","1972","ABA",,
"calvima01","All-ABA First Team","1973","ABA",,"G"
"ervinju01","All-ABA First Team","1973","ABA",,"F"
"gilmoar01","All-ABA First Team","1973","ABA",,"C"
"jonesji01","All-ABA First Team","1973","ABA",,"G"
"mcginge01","All-ABA First Team","1973","ABA",,"F"
"boonero01","All-ABA Second Team","1973","ABA",,"G"
"dampilo01","All-ABA Second Team","1973","ABA",,"G"
"isselda01","All-ABA Second Team","1973","ABA",,"F"
"natersw01","All-ABA Second Team","1973","ABA",,"C"
"wisewi01","All-ABA Second Team","1973","ABA",,"F"
"abdulka01","All-Defensive First Team","1973","NBA",,
"debusda01","All-Defensive First Team","1973","NBA",,
"fraziwa01","All-Defensive First Team","1973","NBA","tie",
"havlijo01","All-Defensive First Team","1973","NBA",,
"sloanje01","All-Defensive First Team","1973","NBA","tie",
"vanlino01","All-Defensive First Team","1973","NBA",,
"chanedo01","All-Defensive Second Team","1973","NBA",,
"hayesel01","All-Defensive Second Team","1973","NBA",,
"lovebo01","All-Defensive Second Team","1973","NBA",,
"priceji01","All-Defensive Second Team","1973","NBA","tie",
"thurmna01","All-Defensive Second Team","1973","NBA",,
"vanardi01","All-Defensive Second Team","1973","NBA","tie",
"galemi01","All-Defensive Team","1973","ABA",,
"gilmoar01","All-Defensive Team","1973","ABA",,
"keyeju01","All-Defensive Team","1973","ABA",,
"mcclate01","All-Defensive Team","1973","ABA",,
"taylofa01","All-Defensive Team","1973","ABA",,
"wisewi01","All-Defensive Team","1973","ABA",,
"abdulka01","All-NBA First Team","1973","NBA",,"C"
"barryri01","All-NBA First Team","1973","NBA",,"F"
"fraziwa01","All-NBA First Team","1973","NBA",,"G"
"goodrga01","All-NBA First Team","1973","NBA",,"G"
"havlijo01","All-NBA First Team","1973","NBA",,"F"
"bingda01","All-NBA Second Team","1973","NBA",,"G"
"hayesel01","All-NBA Second Team","1973","NBA",,"F"
"haywosp01","All-NBA Second Team","1973","NBA",,"F"
"mcadobo01","All-NBA Second Team","1973","NBA",,"C"
"vanlino01","All-NBA Second Team","1973","NBA",,"G"
"ervinju01","Finals MVP","1973","ABA",,
"havlijo01","Finals MVP","1973","NBA",,
"abdulka01","Most Valuable Player","1973","NBA",,
"ervinju01","Most Valuable Player","1973","ABA",,
"digreer01","Rookie of the Year","1973","NBA",,
"natersw01","Rookie of the Year","1973","ABA",,
"boonero01","All-ABA First Team","1974","ABA",,"G"
"calvima01","All-ABA First Team","1974","ABA",,"G"
"ervinju01","All-ABA First Team","1974","ABA",,"F"
"gilmoar01","All-ABA First Team","1974","ABA",,"C"
"mcginge01","All-ABA First Team","1974","ABA",,"F"
"barnema01","All-ABA Second Team","1974","ABA",,"F"
"gervige01","All-ABA Second Team","1974","ABA",,"F"
"natersw01","All-ABA Second Team","1974","ABA",,"C"
"silasja01","All-ABA Second Team","1974","ABA",,"G"
"taylobr01","All-ABA Second Team","1974","ABA",,"G"
"abdulka01","All-Defensive First Team","1974","NBA",,
"fraziwa01","All-Defensive First Team","1974","NBA",,
"havlijo01","All-Defensive First Team","1974","NBA",,
"silaspa01","All-Defensive First Team","1974","NBA",,
"sloanje01","All-Defensive First Team","1974","NBA",,
"chanedo01","All-Defensive Second Team","1974","NBA",,
"cowenda01","All-Defensive Second Team","1974","NBA",,
"hayesel01","All-Defensive Second Team","1974","NBA",,
"lovebo01","All-Defensive Second Team","1974","NBA",,
"vanlino01","All-Defensive Second Team","1974","NBA",,
"busedo01","All-Defensive Team","1974","ABA",,
"gilmoar01","All-Defensive Team","1974","ABA",,
"jonesbo01","All-Defensive Team","1974","ABA",,
"joneswi02","All-Defensive Team","1974","ABA",,
"taylobr01","All-Defensive Team","1974","ABA",,
"archina01","All-NBA First Team","1974","NBA",,"G"
"barryri01","All-NBA First Team","1974","NBA",,"F"
"fraziwa01","All-NBA First Team","1974","NBA",,"G"
"hayesel01","All-NBA First Team","1974","NBA",,"F"
"mcadobo01","All-NBA First Team","1974","NBA",,"C"
"cheniph01","All-NBA Second Team","1974","NBA",,"G"
"cowenda01","All-NBA Second Team","1974","NBA",,"C"
"havlijo01","All-NBA Second Team","1974","NBA",,"F"
"haywosp01","All-NBA Second Team","1974","NBA",,"F"
"whitejo01","All-NBA Second Team","1974","NBA",,"G"
"barryri01","Finals MVP","1974","NBA",,
"gilmoar01","Finals MVP","1974","ABA",,
"ervinju01","Most Valuable Player","1974","ABA","tie",
"mcadobo01","Most Valuable Player","1974","NBA",,
"mcginge01","Most Valuable Player","1974","ABA","tie",
"barnema01","Rookie of the Year","1974","ABA",,
"wilkeja01","Rookie of the Year","1974","NBA",,
"ervinju01","All-ABA First Team","1975","ABA",,"F"
"gilmoar01","All-ABA First Team","1975","ABA",,"C"
"knighbi01","All-ABA First Team","1975","ABA",,"F"
"silasja01","All-ABA First Team","1975","ABA",,"G"
"simpsra01","All-ABA First Team","1975","ABA",,"G"
"busedo01","All-ABA Second Team","1975","ABA",,"G"
"gervige01","All-ABA Second Team","1975","ABA",,"G"
"isselda01","All-ABA Second Team","1975","ABA",,"C"
"jonesbo01","All-ABA Second Team","1975","ABA",,"F"
"thompda01","All-ABA Second Team","1975","ABA",,"F"
"cowenda01","All-Defensive First Team","1975","NBA",,
"havlijo01","All-Defensive First Team","1975","NBA",,
"silaspa01","All-Defensive First Team","1975","NBA",,
"vanlino01","All-Defensive First Team","1975","NBA",,
"wattssl01","All-Defensive First Team","1975","NBA",,
"abdulka01","All-Defensive Second Team","1975","NBA",,
"breweji01","All-Defensive Second Team","1975","NBA",,
"cleamji01","All-Defensive Second Team","1975","NBA",,
"smithph01","All-Defensive Second Team","1975","NBA",,
"wilkeja01","All-Defensive Second Team","1975","NBA",,
"busedo01","All-Defensive Team","1975","ABA",,
"ervinju01","All-Defensive Team","1975","ABA",,
"gilmoar01","All-Defensive Team","1975","ABA",,
"jonesbo01","All-Defensive Team","1975","ABA",,
"taylobr01","All-Defensive Team","1975","ABA",,
"abdulka01","All-NBA First Team","1975","NBA",,"C"
"archina01","All-NBA First Team","1975","NBA",,"G"
"barryri01","All-NBA First Team","1975","NBA",,"F"
"maravpe01","All-NBA First Team","1975","NBA",,"G"
"mcginge01","All-NBA First Team","1975","NBA",,"F"
"cowenda01","All-NBA Second Team","1975","NBA",,"C"
"havlijo01","All-NBA Second Team","1975","NBA",,"F"
"hayesel01","All-NBA Second Team","1975","NBA",,"F"
"smithph01","All-NBA Second Team","1975","NBA",,"G"
"smithra01","All-NBA Second Team","1975","NBA",,"G"
"ervinju01","Finals MVP","1975","ABA",,
"whitejo01","Finals MVP","1975","NBA",,
"abdulka01","Most Valuable Player","1975","NBA",,
"ervinju01","Most Valuable Player","1975","ABA",,
"adamsal01","Rookie of the Year","1975","NBA",,
"thompda01","Rookie of the Year","1975","ABA",,
"busedo01","All-Defensive First Team","1976","NBA",,
"colemec01","All-Defensive First Team","1976","NBA",,
"jonesbo01","All-Defensive First Team","1976","NBA",,
"vanlino01","All-Defensive First Team","1976","NBA",,
"waltobi01","All-Defensive First Team","1976","NBA",,
"abdulka01","All-Defensive Second Team","1976","NBA",,
"breweji01","All-Defensive Second Team","1976","NBA",,
"chanedo01","All-Defensive Second Team","1976","NBA",,
"taylobr01","All-Defensive Second Team","1976","NBA",,
"wilkeja01","All-Defensive Second Team","1976","NBA",,
"abdulka01","All-NBA First Team","1976","NBA",,"C"
"hayesel01","All-NBA First Team","1976","NBA",,"F"
"maravpe01","All-NBA First Team","1976","NBA",,"G"
"thompda01","All-NBA First Team","1976","NBA",,"F"
"westppa01","All-NBA First Team","1976","NBA",,"G"
"ervinju01","All-NBA Second Team","1976","NBA",,"F"
"gervige01","All-NBA Second Team","1976","NBA",,"G"
"mcginge01","All-NBA Second Team","1976","NBA",,"F"
"waltobi01","All-NBA Second Team","1976","NBA",,"C"
"whitejo01","All-NBA Second Team","1976","NBA",,"G"
"waltobi01","Finals MVP","1976","NBA",,
"abdulka01","Most Valuable Player","1976","NBA",,
"dantlad01","Rookie of the Year","1976","NBA",,
"busedo01","All-Defensive First Team","1977","NBA",,
"hollili01","All-Defensive First Team","1977","NBA",,
"jonesbo01","All-Defensive First Team","1977","NBA",,
"lucasma01","All-Defensive First Team","1977","NBA",,
"waltobi01","All-Defensive First Team","1977","NBA",,
"abdulka01","All-Defensive Second Team","1977","NBA","tie",
"bucknqu01","All-Defensive Second Team","1977","NBA",,
"colemec01","All-Defensive Second Team","1977","NBA",,
"gilmoar01","All-Defensive Second Team","1977","NBA","tie",
"grossbo01","All-Defensive Second Team","1977","NBA",,
"vanlino01","All-Defensive Second Team","1977","NBA",,
"ervinju01","All-NBA First Team","1977","NBA",,"F"
"gervige01","All-NBA First Team","1977","NBA",,"G"
"robintr01","All-NBA First Team","1977","NBA",,"F"
"thompda01","All-NBA First Team","1977","NBA",,"G"
"waltobi01","All-NBA First Team","1977","NBA",,"C"
"abdulka01","All-NBA Second Team","1977","NBA",,"C"
"daviswa03","All-NBA Second Team","1977","NBA",,"F"
"lucasma01","All-NBA Second Team","1977","NBA",,"F"
"maravpe01","All-NBA Second Team","1977","NBA",,"G"
"westppa01","All-NBA Second Team","1977","NBA",,"G"
"unselwe01","Finals MVP","1977","NBA",,
"waltobi01","Most Valuable Player","1977","NBA",,
"daviswa03","Rookie of the Year","1977","NBA",,
"abdulka01","All-Defensive First Team","1978","NBA",,
"busedo01","All-Defensive First Team","1978","NBA",,
"dandrbo01","All-Defensive First Team","1978","NBA",,
"johnsde01","All-Defensive First Team","1978","NBA",,
"jonesbo01","All-Defensive First Team","1978","NBA",,
"carrml01","All-Defensive Second Team","1978","NBA",,
"hollili01","All-Defensive Second Team","1978","NBA",,
"johnsed02","All-Defensive Second Team","1978","NBA",,
"lucasma01","All-Defensive Second Team","1978","NBA",,
"malonmo01","All-Defensive Second Team","1978","NBA",,
"gervige01","All-NBA First Team","1978","NBA",,"G"
"hayesel01","All-NBA First Team","1978","NBA",,"F"
"johnsma01","All-NBA First Team","1978","NBA",,"F"
"malonmo01","All-NBA First Team","1978","NBA",,"C"
"westppa01","All-NBA First Team","1978","NBA",,"G"
"abdulka01","All-NBA Second Team","1978","NBA",,"C"
"dandrbo01","All-NBA Second Team","1978","NBA",,"F"
"daviswa03","All-NBA Second Team","1978","NBA",,"F"
"fordph01","All-NBA Second Team","1978","NBA",,"G"
"freewo01","All-NBA Second Team","1978","NBA",,"G"
"johnsde01","Finals MVP","1978","NBA",,
"malonmo01","Most Valuable Player","1978","NBA",,
"fordph01","Rookie of the Year","1978","NBA",,
"abdulka01","All-Defensive First Team","1979","NBA",,
"busedo01","All-Defensive First Team","1979","NBA","tie",
"johnsde01","All-Defensive First Team","1979","NBA",,
"jonesbo01","All-Defensive First Team","1979","NBA",,
"richami01","All-Defensive First Team","1979","NBA","tie",
"roundda01","All-Defensive First Team","1979","NBA",,
"bucknqu01","All-Defensive Second Team","1979","NBA",,
"cowenda01","All-Defensive Second Team","1979","NBA",,
"johnsed02","All-Defensive Second Team","1979","NBA",,
"washike01","All-Defensive Second Team","1979","NBA",,
"wedmasc01","All-Defensive Second Team","1979","NBA",,
"abdulka01","All-NBA First Team","1979","NBA",,"C"
"birdla01","All-NBA First Team","1979","NBA",,"F"
"ervinju01","All-NBA First Team","1979","NBA",,"F"
"gervige01","All-NBA First Team","1979","NBA",,"G"
"westppa01","All-NBA First Team","1979","NBA",,"G"
"johnsde01","All-NBA Second Team","1979","NBA",,"G"
"johnsma01","All-NBA Second Team","1979","NBA",,"F"
"malonmo01","All-NBA Second Team","1979","NBA",,"C"
"roundda01","All-NBA Second Team","1979","NBA",,"F"
"willigu01","All-NBA Second Team","1979","NBA",,"G"
"johnsma02","Finals MVP","1979","NBA",,
"abdulka01","Most Valuable Player","1979","NBA",,
"birdla01","Rookie of the Year","1979","NBA",,
"abdulka01","All-Defensive First Team","1980","NBA",,
"johnsde01","All-Defensive First Team","1980","NBA",,
"jonesbo01","All-Defensive First Team","1980","NBA",,
"jonesca01","All-Defensive First Team","1980","NBA",,
"richami01","All-Defensive First Team","1980","NBA",,
"bradldu01","All-Defensive Second Team","1980","NBA","tie",
"bucknqu01","All-Defensive Second Team","1980","NBA",,
"coopemi01","All-Defensive Second Team","1980","NBA","tie",
"johnsge02","All-Defensive Second Team","1980","NBA",,
"roundda01","All-Defensive Second Team","1980","NBA",,
"washike01","All-Defensive Second Team","1980","NBA",,
"abdulka01","All-NBA First Team","1980","NBA",,"C"
"birdla01","All-NBA First Team","1980","NBA",,"F"
"ervinju01","All-NBA First Team","1980","NBA",,"F"
"gervige01","All-NBA First Team","1980","NBA",,"G"
"johnsde01","All-NBA First Team","1980","NBA",,"G"
"archina01","All-NBA Second Team","1980","NBA",,"G"
"birdsot01","All-NBA Second Team","1980","NBA",,"G"
"dantlad01","All-NBA Second Team","1980","NBA",,"F"
"johnsma01","All-NBA Second Team","1980","NBA",,"F"
"malonmo01","All-NBA Second Team","1980","NBA",,"C"
"kingbe01","Comeback","1980","NBA",,
"maxwece01","Finals MVP","1980","NBA",,
"ervinju01","Most Valuable Player","1980","NBA",,
"griffda01","Rookie of the Year","1980","NBA",,
"coopemi01","All-Defensive First Team","1981","NBA",,
"johnsde01","All-Defensive First Team","1981","NBA",,
"jonesbo01","All-Defensive First Team","1981","NBA",,
"jonesca01","All-Defensive First Team","1981","NBA",,
"roundda01","All-Defensive First Team","1981","NBA",,
"birdla01","All-Defensive Second Team","1981","NBA",,
"bucknqu01","All-Defensive Second Team","1981","NBA",,
"moncrsi01","All-Defensive Second Team","1981","NBA",,
"sheltlo01","All-Defensive Second Team","1981","NBA",,
"sikmaja01","All-Defensive Second Team","1981","NBA",,
"birdla01","All-NBA First Team","1981","NBA",,"F"
"ervinju01","All-NBA First Team","1981","NBA",,"F"
"gervige01","All-NBA First Team","1981","NBA",,"G"
"malonmo01","All-NBA First Team","1981","NBA",,"C"
"willigu01","All-NBA First Team","1981","NBA",,"G"
"englial01","All-NBA Second Team","1981","NBA",,"F"
"johnsma02","All-NBA Second Team","1981","NBA",,"G"
"kingbe01","All-NBA Second Team","1981","NBA",,"F"
"moncrsi01","All-NBA Second Team","1981","NBA",,"G"
"parisro01","All-NBA Second Team","1981","NBA",,"C"
"willigu01","Comeback","1981","NBA",,
"johnsma02","Finals MVP","1981","NBA",,
"malonmo01","Most Valuable Player","1981","NBA",,
"willibu01","Rookie of the Year","1981","NBA",,
"cheekma01","All-Defensive First Team","1982","NBA","tie",
"johnsde01","All-Defensive First Team","1982","NBA","tie",
"jonesbo01","All-Defensive First Team","1982","NBA",,
"malonmo01","All-Defensive First Team","1982","NBA",,
"moncrsi01","All-Defensive First Team","1982","NBA",,
"roundda01","All-Defensive First Team","1982","NBA",,
"birdla01","All-Defensive Second Team","1982","NBA",,
"coopemi01","All-Defensive Second Team","1982","NBA",,
"dunntr01","All-Defensive Second Team","1982","NBA",,
"mchalke01","All-Defensive Second Team","1982","NBA",,
"rollitr01","All-Defensive Second Team","1982","NBA",,
"birdla01","All-NBA First Team","1982","NBA",,"F"
"ervinju01","All-NBA First Team","1982","NBA",,"F"
"johnsma02","All-NBA First Team","1982","NBA",,"G"
"malonmo01","All-NBA First Team","1982","NBA",,"C"
"moncrsi01","All-NBA First Team","1982","NBA",,"G"
"abdulka01","All-NBA Second Team","1982","NBA",,"C"
"englial01","All-NBA Second Team","1982","NBA",,"F"
"gervige01","All-NBA Second Team","1982","NBA",,"G"
"thomais01","All-NBA Second Team","1982","NBA",,"G"
"willibu01","All-NBA Second Team","1982","NBA",,"F"
"westppa01","Comeback","1982","NBA",,
"moncrsi01","Defensive Player of the Year","1982","NBA",,
"malonmo01","Finals MVP","1982","NBA",,
"malonmo01","Most Valuable Player","1982","NBA",,
"cummite01","Rookie of the Year","1982","NBA",,
"jonesbo01","Sixth Man of the Year","1982","NBA",,
"cheekma01","All-Defensive First Team","1983","NBA",,
"coopemi01","All-Defensive First Team","1983","NBA",,
"jonesbo01","All-Defensive First Team","1983","NBA",,
"moncrsi01","All-Defensive First Team","1983","NBA",,
"rollitr01","All-Defensive First Team","1983","NBA",,
"abdulka01","All-Defensive Second Team","1983","NBA",,
"birdla01","All-Defensive Second Team","1983","NBA",,
"dunntr01","All-Defensive Second Team","1983","NBA",,
"johnsde01","All-Defensive Second Team","1983","NBA",,
"roundda01","All-Defensive Second Team","1983","NBA",,
"abdulka01","All-NBA First Team","1983","NBA",,"C"
"birdla01","All-NBA First Team","1983","NBA",,"F"
"johnsma02","All-NBA First Team","1983","NBA",,"G"
"kingbe01","All-NBA First Team","1983","NBA",,"F"
"thomais01","All-NBA First Team","1983","NBA",,"G"
"dantlad01","All-NBA Second Team","1983","NBA",,"F"
"ervinju01","All-NBA Second Team","1983","NBA",,"F"
"malonmo01","All-NBA Second Team","1983","NBA",,"C"
"moncrsi01","All-NBA Second Team","1983","NBA",,"G"
"paxsoji02","All-NBA Second Team","1983","NBA",,"G"
"dantlad01","Comeback","1983","NBA",,
"moncrsi01","Defensive Player of the Year","1983","NBA",,
"birdla01","Finals MVP","1983","NBA",,
"birdla01","Most Valuable Player","1983","NBA",,
"sampsra01","Rookie of the Year","1983","NBA",,
"mchalke01","Sixth Man of the Year","1983","NBA",,
"cheekma01","All-Defensive First Team","1984","NBA",,
"coopemi01","All-Defensive First Team","1984","NBA",,
"eatonma01","All-Defensive First Team","1984","NBA",,
"moncrsi01","All-Defensive First Team","1984","NBA",,
"presspa01","All-Defensive First Team","1984","NBA",,
"dunntr01","All-Defensive Second Team","1984","NBA",,
"johnsde01","All-Defensive Second Team","1984","NBA",,
"jonesbo01","All-Defensive Second Team","1984","NBA",,
"olajuha01","All-Defensive Second Team","1984","NBA",,
"vraneda01","All-Defensive Second Team","1984","NBA",,
"birdla01","All-NBA First Team","1984","NBA",,"F"
"johnsma02","All-NBA First Team","1984","NBA",,"G"
"kingbe01","All-NBA First Team","1984","NBA",,"F"
"malonmo01","All-NBA First Team","1984","NBA",,"C"
"thomais01","All-NBA First Team","1984","NBA",,"G"
"abdulka01","All-NBA Second Team","1984","NBA",,"C"
"cummite01","All-NBA Second Team","1984","NBA",,"F"
"jordami01","All-NBA Second Team","1984","NBA",,"G"
"moncrsi01","All-NBA Second Team","1984","NBA",,"G"
"sampsra01","All-NBA Second Team","1984","NBA",,"F"
"richami01","Comeback","1984","NBA",,
"eatonma01","Defensive Player of the Year","1984","NBA",,
"abdulka01","Finals MVP","1984","NBA",,
"birdla01","Most Valuable Player","1984","NBA",,
"jordami01","Rookie of the Year","1984","NBA",,
"mchalke01","Sixth Man of the Year","1984","NBA",,
"cheekma01","All-Defensive First Team","1985","NBA",,
"eatonma01","All-Defensive First Team","1985","NBA",,
"mchalke01","All-Defensive First Team","1985","NBA",,
"moncrsi01","All-Defensive First Team","1985","NBA",,
"presspa01","All-Defensive First Team","1985","NBA",,
"bolma01","All-Defensive Second Team","1985","NBA",,
"coopemi01","All-Defensive Second Team","1985","NBA",,
"hanzlbi01","All-Defensive Second Team","1985","NBA",,
"johnsde01","All-Defensive Second Team","1985","NBA",,
"roberal01","All-Defensive Second Team","1985","NBA",,
"abdulka01","All-NBA First Team","1985","NBA",,"C"
"birdla01","All-NBA First Team","1985","NBA",,"F"
"johnsma02","All-NBA First Team","1985","NBA",,"G"
"thomais01","All-NBA First Team","1985","NBA",,"G"
"wilkido01","All-NBA First Team","1985","NBA",,"F"
"barklch01","All-NBA Second Team","1985","NBA",,"F"
"englial01","All-NBA Second Team","1985","NBA",,"F"
"moncrsi01","All-NBA Second Team","1985","NBA",,"G"
"olajuha01","All-NBA Second Team","1985","NBA",,"C"
"roberal01","All-NBA Second Team","1985","NBA",,"G"
"johnsma01","Comeback","1985","NBA",,
"roberal01","Defensive Player of the Year","1985","NBA",,
"birdla01","Finals MVP","1985","NBA",,
"roberal01","Most Improved Player","1985","NBA",,
"birdla01","Most Valuable Player","1985","NBA",,
"ewingpa01","Rookie of the Year","1985","NBA",,
"waltobi01","Sixth Man of the Year","1985","NBA",,
"coopemi01","All-Defensive First Team","1986","NBA",,
"johnsde01","All-Defensive First Team","1986","NBA",,
"mchalke01","All-Defensive First Team","1986","NBA",,
"olajuha01","All-Defensive First Team","1986","NBA",,
"roberal01","All-Defensive First Team","1986","NBA",,
"cheekma01","All-Defensive Second Team","1986","NBA",,
"eatonma01","All-Defensive Second Team","1986","NBA",,
"harpede01","All-Defensive Second Team","1986","NBA",,
"mccraro01","All-Defensive Second Team","1986","NBA",,
"presspa01","All-Defensive Second Team","1986","NBA",,
"birdla01","All-NBA First Team","1986","NBA",,"F"
"johnsma02","All-NBA First Team","1986","NBA",,"G"
"jordami01","All-NBA First Team","1986","NBA",,"G"
"mchalke01","All-NBA First Team","1986","NBA",,"F"
"olajuha01","All-NBA First Team","1986","NBA",,"C"
"barklch01","All-NBA Second Team","1986","NBA",,"F"
"leverfa01","All-NBA Second Team","1986","NBA",,"G"
"malonmo01","All-NBA Second Team","1986","NBA",,"C"
"thomais01","All-NBA Second Team","1986","NBA",,"G"
"wilkido01","All-NBA Second Team","1986","NBA",,"F"
"coopemi01","Defensive Player of the Year","1986","NBA",,
"johnsma02","Finals MVP","1986","NBA",,
"ellisda01","Most Improved Player","1986","NBA",,
"johnsma02","Most Valuable Player","1986","NBA",,
"persoch01","Rookie of the Year","1986","NBA",,
"piercri01","Sixth Man of the Year","1986","NBA",,
"coopemi01","All-Defensive First Team","1987","NBA",,
"jordami01","All-Defensive First Team","1987","NBA",,
"mccraro01","All-Defensive First Team","1987","NBA",,
"mchalke01","All-Defensive First Team","1987","NBA",,
"olajuha01","All-Defensive First Team","1987","NBA",,
"eatonma01","All-Defensive Second Team","1987","NBA","tie",
"ewingpa01","All-Defensive Second Team","1987","NBA","tie",
"leverfa01","All-Defensive Second Team","1987","NBA",,
"malonka01","All-Defensive Second Team","1987","NBA",,
"roberal01","All-Defensive Second Team","1987","NBA",,
"willibu01","All-Defensive Second Team","1987","NBA",,
"barklch01","All-NBA First Team","1987","NBA",,"F"
"birdla01","All-NBA First Team","1987","NBA",,"F"
"johnsma02","All-NBA First Team","1987","NBA",,"G"
"jordami01","All-NBA First Team","1987","NBA",,"G"
"olajuha01","All-NBA First Team","1987","NBA",,"C"
"drexlcl01","All-NBA Second Team","1987","NBA",,"G"
"ewingpa01","All-NBA Second Team","1987","NBA",,"C"
"malonka01","All-NBA Second Team","1987","NBA",,"F"
"stockjo01","All-NBA Second Team","1987","NBA",,"G"
"wilkido01","All-NBA Second Team","1987","NBA",,"F"
"jordami01","Defensive Player of the Year","1987","NBA",,
"worthja01","Finals MVP","1987","NBA",,
"duckwke01","Most Improved Player","1987","NBA",,
"jordami01","Most Valuable Player","1987","NBA",,
"jacksma01","Rookie of the Year","1987","NBA",,
"tarplro01","Sixth Man of the Year","1987","NBA",,
"dumarjo01","All-Defensive First Team","1988","NBA",,
"eatonma01","All-Defensive First Team","1988","NBA",,
"jordami01","All-Defensive First Team","1988","NBA",,
"nancela01","All-Defensive First Team","1988","NBA",,
"rodmade01","All-Defensive First Team","1988","NBA",,
"ewingpa01","All-Defensive Second Team","1988","NBA",,
"greenac01","All-Defensive Second Team","1988","NBA",,
"mchalke01","All-Defensive Second Team","1988","NBA",,
"roberal01","All-Defensive Second Team","1988","NBA",,
"stockjo01","All-Defensive Second Team","1988","NBA",,
"barklch01","All-NBA First Team","1988","NBA",,"F"
"johnsma02","All-NBA First Team","1988","NBA",,"G"
"jordami01","All-NBA First Team","1988","NBA",,"G"
"malonka01","All-NBA First Team","1988","NBA",,"F"
"olajuha01","All-NBA First Team","1988","NBA",,"C"
"chambto01","All-NBA Second Team","1988","NBA",,"F"
"ewingpa01","All-NBA Second Team","1988","NBA",,"C"
"johnske02","All-NBA Second Team","1988","NBA",,"G"
"mullich01","All-NBA Second Team","1988","NBA",,"F"
"stockjo01","All-NBA Second Team","1988","NBA",,"G"
"cummite01","All-NBA Third Team","1988","NBA",,"F"
"ellisda01","All-NBA Third Team","1988","NBA",,"G"
"parisro01","All-NBA Third Team","1988","NBA",,"C"
"pricema01","All-NBA Third Team","1988","NBA",,"G"
"wilkido01","All-NBA Third Team","1988","NBA",,"F"
"eatonma01","Defensive Player of the Year","1988","NBA",,
"dumarjo01","Finals MVP","1988","NBA",,
"johnske02","Most Improved Player","1988","NBA",,
"johnsma02","Most Valuable Player","1988","NBA",,
"richmmi01","Rookie of the Year","1988","NBA",,
"johnsed03","Sixth Man of the Year","1988","NBA",,
"dumarjo01","All-Defensive First Team","1989","NBA",,
"jordami01","All-Defensive First Team","1989","NBA",,
"olajuha01","All-Defensive First Team","1989","NBA",,
"rodmade01","All-Defensive First Team","1989","NBA",,
"willibu01","All-Defensive First Team","1989","NBA",,
"harpede01","All-Defensive Second Team","1989","NBA",,
"mahorri01","All-Defensive Second Team","1989","NBA",,
"mchalke01","All-Defensive Second Team","1989","NBA",,
"roberal01","All-Defensive Second Team","1989","NBA",,
"robinda01","All-Defensive Second Team","1989","NBA",,
"barklch01","All-NBA First Team","1989","NBA",,"F"
"ewingpa01","All-NBA First Team","1989","NBA",,"C"
"johnsma02","All-NBA First Team","1989","NBA",,"G"
"jordami01","All-NBA First Team","1989","NBA",,"G"
"malonka01","All-NBA First Team","1989","NBA",,"F"
"birdla01","All-NBA Second Team","1989","NBA",,"F"
"chambto01","All-NBA Second Team","1989","NBA",,"F"
"johnske02","All-NBA Second Team","1989","NBA",,"G"
"olajuha01","All-NBA Second Team","1989","NBA",,"C"
"stockjo01","All-NBA Second Team","1989","NBA",,"G"
"drexlcl01","All-NBA Third Team","1989","NBA",,"G"
"dumarjo01","All-NBA Third Team","1989","NBA",,"G"
"mullich01","All-NBA Third Team","1989","NBA",,"F"
"robinda01","All-NBA Third Team","1989","NBA",,"C"
"worthja01","All-NBA Third Team","1989","NBA",,"F"
"rodmade01","Defensive Player of the Year","1989","NBA",,
"thomais01","Finals MVP","1989","NBA",,
"seikaro01","Most Improved Player","1989","NBA",,
"johnsma02","Most Valuable Player","1989","NBA",,
"robinda01","Rookie of the Year","1989","NBA",,
"piercri01","Sixth Man of the Year","1989","NBA",,
"jordami01","All-Defensive First Team","1990","NBA",,
"roberal01","All-Defensive First Team","1990","NBA",,
"robinda01","All-Defensive First Team","1990","NBA",,
"rodmade01","All-Defensive First Team","1990","NBA",,
"willibu01","All-Defensive First Team","1990","NBA",,
"dumarjo01","All-Defensive Second Team","1990","NBA",,
"majerda01","All-Defensive Second Team","1990","NBA",,
"olajuha01","All-Defensive Second Team","1990","NBA",,
"pippesc01","All-Defensive Second Team","1990","NBA",,
"stockjo01","All-Defensive Second Team","1990","NBA",,
"barklch01","All-NBA First Team","1990","NBA",,"F"
"johnsma02","All-NBA First Team","1990","NBA",,"G"
"jordami01","All-NBA First Team","1990","NBA",,"G"
"malonka01","All-NBA First Team","1990","NBA",,"F"
"robinda01","All-NBA First Team","1990","NBA",,"C"
"drexlcl01","All-NBA Second Team","1990","NBA",,"G"
"ewingpa01","All-NBA Second Team","1990","NBA",,"C"
"johnske02","All-NBA Second Team","1990","NBA",,"G"
"mullich01","All-NBA Second Team","1990","NBA",,"F"
"wilkido01","All-NBA Second Team","1990","NBA",,"F"
"dumarjo01","All-NBA Third Team","1990","NBA",,"G"
"kingbe01","All-NBA Third Team","1990","NBA",,"F"
"olajuha01","All-NBA Third Team","1990","NBA",,"C"
"stockjo01","All-NBA Third Team","1990","NBA",,"G"
"worthja01","All-NBA Third Team","1990","NBA",,"F"
"rodmade01","Defensive Player of the Year","1990","NBA",,
"jordami01","Finals MVP","1990","NBA",,
"skilesc01","Most Improved Player","1990","NBA",,
"jordami01","Most Valuable Player","1990","NBA",,
"colemde01","Rookie of the Year","1990","NBA",,
"schrede01","Sixth Man of the Year","1990","NBA",,
"dumarjo01","All-Defensive First Team","1991","NBA",,
"jordami01","All-Defensive First Team","1991","NBA",,
"pippesc01","All-Defensive First Team","1991","NBA",,
"robinda01","All-Defensive First Team","1991","NBA",,
"rodmade01","All-Defensive First Team","1991","NBA",,
"ewingpa01","All-Defensive Second Team","1991","NBA",,
"nancela01","All-Defensive Second Team","1991","NBA",,
"stockjo01","All-Defensive Second Team","1991","NBA",,
"willibu01","All-Defensive Second Team","1991","NBA",,
"willimi02","All-Defensive Second Team","1991","NBA",,
"drexlcl01","All-NBA First Team","1991","NBA",,"G"
"jordami01","All-NBA First Team","1991","NBA",,"G"
"malonka01","All-NBA First Team","1991","NBA",,"F"
"mullich01","All-NBA First Team","1991","NBA",,"F"
"robinda01","All-NBA First Team","1991","NBA",,"C"
"barklch01","All-NBA Second Team","1991","NBA",,"F"
"ewingpa01","All-NBA Second Team","1991","NBA",,"C"
"hardati01","All-NBA Second Team","1991","NBA",,"G"
"pippesc01","All-NBA Second Team","1991","NBA",,"F"
"stockjo01","All-NBA Second Team","1991","NBA",,"G"
"daughbr01","All-NBA Third Team","1991","NBA",,"C"
"johnske02","All-NBA Third Team","1991","NBA",,"G"
"pricema01","All-NBA Third Team","1991","NBA",,"G"
"rodmade01","All-NBA Third Team","1991","NBA",,"F"
"willike02","All-NBA Third Team","1991","NBA",,"F"
"robinda01","Defensive Player of the Year","1991","NBA",,
"jordami01","Finals MVP","1991","NBA",,
"ellispe01","Most Improved Player","1991","NBA",,
"jordami01","Most Valuable Player","1991","NBA",,
"johnsla02","Rookie of the Year","1991","NBA",,
"schrede01","Sixth Man of the Year","1991","NBA",,
"dumarjo01","All-Defensive First Team","1992","NBA",,
"jordami01","All-Defensive First Team","1992","NBA",,
"olajuha01","All-Defensive First Team","1992","NBA",,
"pippesc01","All-Defensive First Team","1992","NBA",,
"rodmade01","All-Defensive First Team","1992","NBA",,
"grantho01","All-Defensive Second Team","1992","NBA",,
"majerda01","All-Defensive Second Team","1992","NBA",,
"nancela01","All-Defensive Second Team","1992","NBA",,
"robinda01","All-Defensive Second Team","1992","NBA",,
"starkjo01","All-Defensive Second Team","1992","NBA",,
"barklch01","All-NBA First Team","1992","NBA",,"F"
"jordami01","All-NBA First Team","1992","NBA",,"G"
"malonka01","All-NBA First Team","1992","NBA",,"F"
"olajuha01","All-NBA First Team","1992","NBA",,"C"
"pricema01","All-NBA First Team","1992","NBA",,"G"
"dumarjo01","All-NBA Second Team","1992","NBA",,"G"
"ewingpa01","All-NBA Second Team","1992","NBA",,"C"
"johnsla02","All-NBA Second Team","1992","NBA",,"F"
"stockjo01","All-NBA Second Team","1992","NBA",,"G"
"wilkido01","All-NBA Second Team","1992","NBA",,"F"
"colemde01","All-NBA Third Team","1992","NBA",,"F"
"hardati01","All-NBA Third Team","1992","NBA",,"G"
"petrodr01","All-NBA Third Team","1992","NBA",,"G"
"pippesc01","All-NBA Third Team","1992","NBA",,"F"
"robinda01","All-NBA Third Team","1992","NBA",,"C"
"olajuha01","Defensive Player of the Year","1992","NBA",,
"jordami01","Finals MVP","1992","NBA",,
"abdulma02","Most Improved Player","1992","NBA",,
"barklch01","Most Valuable Player","1992","NBA",,
"onealsh01","Rookie of the Year","1992","NBA",,
"robincl02","Sixth Man of the Year","1992","NBA",,
"blaylmo01","All-Defensive First Team","1993","NBA",,
"oaklech01","All-Defensive First Team","1993","NBA",,
"olajuha01","All-Defensive First Team","1993","NBA",,
"paytoga01","All-Defensive First Team","1993","NBA",,
"pippesc01","All-Defensive First Team","1993","NBA",,
"grantho01","All-Defensive Second Team","1993","NBA",,
"mcmilna01","All-Defensive Second Team","1993","NBA",,
"robinda01","All-Defensive Second Team","1993","NBA",,
"rodmade01","All-Defensive Second Team","1993","NBA",,
"sprewla01","All-Defensive Second Team","1993","NBA",,
"malonka01","All-NBA First Team","1993","NBA",,"F"
"olajuha01","All-NBA First Team","1993","NBA",,"C"
"pippesc01","All-NBA First Team","1993","NBA",,"F"
"sprewla01","All-NBA First Team","1993","NBA",,"G"
"stockjo01","All-NBA First Team","1993","NBA",,"G"
"barklch01","All-NBA Second Team","1993","NBA",,"F"
"johnske02","All-NBA Second Team","1993","NBA",,"G"
"kempsh01","All-NBA Second Team","1993","NBA",,"F"
"richmmi01","All-NBA Second Team","1993","NBA",,"G"
"robinda01","All-NBA Second Team","1993","NBA",,"C"
"colemde01","All-NBA Third Team","1993","NBA",,"F"
"onealsh01","All-NBA Third Team","1993","NBA",,"C"
"paytoga01","All-NBA Third Team","1993","NBA",,"G"
"pricema01","All-NBA Third Team","1993","NBA",,"G"
"wilkido01","All-NBA Third Team","1993","NBA",,"F"
"olajuha01","Defensive Player of the Year","1993","NBA",,
"olajuha01","Finals MVP","1993","NBA",,
"macledo01","Most Improved Player","1993","NBA",,
"olajuha01","Most Valuable Player","1993","NBA",,
"webbech01","Rookie of the Year","1993","NBA",,
"curryde01","Sixth Man of the Year","1993","NBA",,
"blaylmo01","All-Defensive First Team","1994","NBA",,
"paytoga01","All-Defensive First Team","1994","NBA",,
"pippesc01","All-Defensive First Team","1994","NBA",,
"robinda01","All-Defensive First Team","1994","NBA",,
"rodmade01","All-Defensive First Team","1994","NBA",,
"grantho01","All-Defensive Second Team","1994","NBA",,
"mckeyde01","All-Defensive Second Team","1994","NBA",,
"mcmilna01","All-Defensive Second Team","1994","NBA",,
"mutomdi01","All-Defensive Second Team","1994","NBA",,
"stockjo01","All-Defensive Second Team","1994","NBA",,
"hardaan01","All-NBA First Team","1994","NBA",,"G"
"malonka01","All-NBA First Team","1994","NBA",,"F"
"pippesc01","All-NBA First Team","1994","NBA",,"F"
"robinda01","All-NBA First Team","1994","NBA",,"C"
"stockjo01","All-NBA First Team","1994","NBA",,"G"
"barklch01","All-NBA Second Team","1994","NBA",,"F"
"kempsh01","All-NBA Second Team","1994","NBA",,"F"
"onealsh01","All-NBA Second Team","1994","NBA",,"C"
"paytoga01","All-NBA Second Team","1994","NBA",,"G"
"richmmi01","All-NBA Second Team","1994","NBA",,"G"
"drexlcl01","All-NBA Third Team","1994","NBA",,"G"
"millere01","All-NBA Third Team","1994","NBA",,"G"
"olajuha01","All-NBA Third Team","1994","NBA",,"C"
"rodmade01","All-NBA Third Team","1994","NBA",,"F"
"schrede01","All-NBA Third Team","1994","NBA",,"F"
"mutomdi01","Defensive Player of the Year","1994","NBA",,
"olajuha01","Finals MVP","1994","NBA",,
"barroda01","Most Improved Player","1994","NBA",,
"robinda01","Most Valuable Player","1994","NBA",,
"hillgr01","Rookie of the Year","1994","NBA","tie",
"kiddja01","Rookie of the Year","1994","NBA","tie",
"masonan01","Sixth Man of the Year","1994","NBA",,
"jordami01","All-Defensive First Team","1995","NBA",,
"paytoga01","All-Defensive First Team","1995","NBA",,
"pippesc01","All-Defensive First Team","1995","NBA",,
"robinda01","All-Defensive First Team","1995","NBA",,
"rodmade01","All-Defensive First Team","1995","NBA",,
"blaylmo01","All-Defensive Second Team","1995","NBA",,
"grantho01","All-Defensive Second Team","1995","NBA",,
"mckeyde01","All-Defensive Second Team","1995","NBA",,
"olajuha01","All-Defensive Second Team","1995","NBA",,
"phillbo01","All-Defensive Second Team","1995","NBA",,
"hardaan01","All-NBA First Team","1995","NBA",,"G"
"jordami01","All-NBA First Team","1995","NBA",,"G"
"malonka01","All-NBA First Team","1995","NBA",,"F"
"pippesc01","All-NBA First Team","1995","NBA",,"F"
"robinda01","All-NBA First Team","1995","NBA",,"C"
"hillgr01","All-NBA Second Team","1995","NBA",,"F"
"kempsh01","All-NBA Second Team","1995","NBA",,"F"
"olajuha01","All-NBA Second Team","1995","NBA",,"C"
"paytoga01","All-NBA Second Team","1995","NBA",,"G"
"stockjo01","All-NBA Second Team","1995","NBA",,"G"
"barklch01","All-NBA Third Team","1995","NBA",,"F"
"howarju01","All-NBA Third Team","1995","NBA",,"F"
"millere01","All-NBA Third Team","1995","NBA",,"G"
"onealsh01","All-NBA Third Team","1995","NBA",,"C"
"richmmi01","All-NBA Third Team","1995","NBA",,"G"
"paytoga01","Defensive Player of the Year","1995","NBA",,
"jordami01","Finals MVP","1995","NBA",,
"muresgh01","Most Improved Player","1995","NBA",,
"jordami01","Most Valuable Player","1995","NBA",,
"stoudda01","Rookie of the Year","1995","NBA",,
"kukocto01","Sixth Man of the Year","1995","NBA",,
"jordami01","All-Defensive First Team","1996","NBA",,
"malonka01","All-Defensive First Team","1996","NBA",,
"mutomdi01","All-Defensive First Team","1996","NBA",,
"paytoga01","All-Defensive First Team","1996","NBA",,
"pippesc01","All-Defensive First Team","1996","NBA",,
"blaylmo01","All-Defensive Second Team","1996","NBA",,
"brownpj01","All-Defensive Second Team","1996","NBA",,
"masonan01","All-Defensive Second Team","1996","NBA",,
"olajuha01","All-Defensive Second Team","1996","NBA",,
"stockjo01","All-Defensive Second Team","1996","NBA",,
"hardati01","All-NBA First Team","1996","NBA",,"G"
"hillgr01","All-NBA First Team","1996","NBA",,"F"
"jordami01","All-NBA First Team","1996","NBA",,"G"
"malonka01","All-NBA First Team","1996","NBA",,"F"
"olajuha01","All-NBA First Team","1996","NBA",,"C"
"ewingpa01","All-NBA Second Team","1996","NBA",,"C"
"paytoga01","All-NBA Second Team","1996","NBA",,"G"
"pippesc01","All-NBA Second Team","1996","NBA",,"F"
"ricegl01","All-NBA Second Team","1996","NBA",,"F"
"richmmi01","All-NBA Second Team","1996","NBA",,"G"
"bakervi01","All-NBA Third Team","1996","NBA",,"F"
"hardaan01","All-NBA Third Team","1996","NBA",,"G"
"masonan01","All-NBA Third Team","1996","NBA",,"F"
"onealsh01","All-NBA Third Team","1996","NBA",,"C"
"stockjo01","All-NBA Third Team","1996","NBA",,"G"
"mutomdi01","Defensive Player of the Year","1996","NBA",,
"jordami01","Finals MVP","1996","NBA",,
"austiis01","Most Improved Player","1996","NBA",,
"malonka01","Most Valuable Player","1996","NBA",,
"iversal01","Rookie of the Year","1996","NBA",,
"starkjo01","Sixth Man of the Year","1996","NBA",,
"jordami01","All-Defensive First Team","1997","NBA",,
"malonka01","All-Defensive First Team","1997","NBA",,
"mutomdi01","All-Defensive First Team","1997","NBA",,
"paytoga01","All-Defensive First Team","1997","NBA",,
"pippesc01","All-Defensive First Team","1997","NBA",,
"blaylmo01","All-Defensive Second Team","1997","NBA",,
"duncati01","All-Defensive Second Team","1997","NBA",,
"jonesed02","All-Defensive Second Team","1997","NBA",,
"oaklech01","All-Defensive Second Team","1997","NBA",,
"robinda01","All-Defensive Second Team","1997","NBA",,
"duncati01","All-NBA First Team","1997","NBA",,"F"
"jordami01","All-NBA First Team","1997","NBA",,"G"
"malonka01","All-NBA First Team","1997","NBA",,"F"
"onealsh01","All-NBA First Team","1997","NBA",,"C"
"paytoga01","All-NBA First Team","1997","NBA",,"G"
"bakervi01","All-NBA Second Team","1997","NBA",,"F"
"hardati01","All-NBA Second Team","1997","NBA",,"G"
"hillgr01","All-NBA Second Team","1997","NBA",,"F"
"robinda01","All-NBA Second Team","1997","NBA",,"C"
"stricro02","All-NBA Second Team","1997","NBA",,"G"
"millere01","All-NBA Third Team","1997","NBA",,"G"
"mutomdi01","All-NBA Third Team","1997","NBA",,"C"
"pippesc01","All-NBA Third Team","1997","NBA",,"F"
"ricegl01","All-NBA Third Team","1997","NBA",,"F"
"richmmi01","All-NBA Third Team","1997","NBA",,"G"
"mutomdi01","Defensive Player of the Year","1997","NBA",,
"jordami01","Finals MVP","1997","NBA",,
"hendeal01","Most Improved Player","1997","NBA",,
"jordami01","Most Valuable Player","1997","NBA",,
"duncati01","Rookie of the Year","1997","NBA",,
"mannida01","Sixth Man of the Year","1997","NBA",,
"duncati01","All-Defensive First Team","1998","NBA",,
"kiddja01","All-Defensive First Team","1998","NBA",,
"malonka01","All-Defensive First Team","1998","NBA",,
"mournal01","All-Defensive First Team","1998","NBA",,
"paytoga01","All-Defensive First Team","1998","NBA",,
"pippesc01","All-Defensive First Team","1998","NBA",,
"blaylmo01","All-Defensive Second Team","1998","NBA",,
"brownpj01","All-Defensive Second Team","1998","NBA",,
"jonesed02","All-Defensive Second Team","1998","NBA",,
"mutomdi01","All-Defensive Second Team","1998","NBA",,
"ratlith01","All-Defensive Second Team","1998","NBA",,
"duncati01","All-NBA First Team","1998","NBA",,"F"
"iversal01","All-NBA First Team","1998","NBA",,"G"
"kiddja01","All-NBA First Team","1998","NBA",,"G"
"malonka01","All-NBA First Team","1998","NBA",,"F"
"mournal01","All-NBA First Team","1998","NBA",,"C"
"hardati01","All-NBA Second Team","1998","NBA",,"G"
"hillgr01","All-NBA Second Team","1998","NBA",,"F"
"onealsh01","All-NBA Second Team","1998","NBA",,"C"
"paytoga01","All-NBA Second Team","1998","NBA",,"G"
"webbech01","All-NBA Second Team","1998","NBA",,"F"
"bryanko01","All-NBA Third Team","1998","NBA",,"G"
"garneke01","All-NBA Third Team","1998","NBA",,"F"
"mcdyean01","All-NBA Third Team","1998","NBA",,"F"
"olajuha01","All-NBA Third Team","1998","NBA",,"C"
"stockjo01","All-NBA Third Team","1998","NBA",,"G"
"mournal01","Defensive Player of the Year","1998","NBA",,
"duncati01","Finals MVP","1998","NBA",,
"armstda01","Most Improved Player","1998","NBA",,
"malonka01","Most Valuable Player","1998","NBA",,
"cartevi01","Rookie of the Year","1998","NBA",,
"armstda01","Sixth Man of the Year","1998","NBA",,
"bryanko01","All-Defensive First Team","1999","NBA",,
"duncati01","All-Defensive First Team","1999","NBA",,
"garneke01","All-Defensive First Team","1999","NBA",,
"mournal01","All-Defensive First Team","1999","NBA",,
"paytoga01","All-Defensive First Team","1999","NBA",,
"jonesed02","All-Defensive Second Team","1999","NBA",,
"kiddja01","All-Defensive Second Team","1999","NBA",,
"onealsh01","All-Defensive Second Team","1999","NBA",,
"pippesc01","All-Defensive Second Team","1999","NBA",,
"robincl02","All-Defensive Second Team","1999","NBA",,
"duncati01","All-NBA First Team","1999","NBA",,"F"
"garneke01","All-NBA First Team","1999","NBA",,"F"
"kiddja01","All-NBA First Team","1999","NBA",,"G"
"onealsh01","All-NBA First Team","1999","NBA",,"C"
"paytoga01","All-NBA First Team","1999","NBA",,"G"
"bryanko01","All-NBA Second Team","1999","NBA",,"G"
"hillgr01","All-NBA Second Team","1999","NBA",,"F"
"iversal01","All-NBA Second Team","1999","NBA",,"G"
"malonka01","All-NBA Second Team","1999","NBA",,"F"
"mournal01","All-NBA Second Team","1999","NBA",,"C"
"cartevi01","All-NBA Third Team","1999","NBA",,"F"
"jonesed02","All-NBA Third Team","1999","NBA",,"G"
"marbust01","All-NBA Third Team","1999","NBA",,"G"
"robinda01","All-NBA Third Team","1999","NBA",,"C"
"webbech01","All-NBA Third Team","1999","NBA",,"F"
"mournal01","Defensive Player of the Year","1999","NBA",,
"onealsh01","Finals MVP","1999","NBA",,
"roseja01","Most Improved Player","1999","NBA",,
"onealsh01","Most Valuable Player","1999","NBA",,
"brandel01","Rookie of the Year","1999","NBA","tie",
"francst01","Rookie of the Year","1999","NBA","tie",
"rogerro01","Sixth Man of the Year","1999","NBA",,
"duncati01","All-Defensive First Team","2000","NBA",,
"garneke01","All-Defensive First Team","2000","NBA",,
"kiddja01","All-Defensive First Team","2000","NBA",,
"mutomdi01","All-Defensive First Team","2000","NBA",,
"paytoga01","All-Defensive First Team","2000","NBA",,
"bowenbr01","All-Defensive Second Team","2000","NBA",,
"brownpj01","All-Defensive Second Team","2000","NBA",,
"bryanko01","All-Defensive Second Team","2000","NBA",,
"chrisdo01","All-Defensive Second Team","2000","NBA",,
"onealsh01","All-Defensive Second Team","2000","NBA",,
"duncati01","All-NBA First Team","2000","NBA",,"F"
"iversal01","All-NBA First Team","2000","NBA",,"G"
"kiddja01","All-NBA First Team","2000","NBA",,"G"
"onealsh01","All-NBA First Team","2000","NBA",,"C"
"webbech01","All-NBA First Team","2000","NBA",,"F"
"bryanko01","All-NBA Second Team","2000","NBA",,"G"
"cartevi01","All-NBA Second Team","2000","NBA",,"F"
"garneke01","All-NBA Second Team","2000","NBA",,"F"
"mcgratr01","All-NBA Second Team","2000","NBA",,"G"
"mutomdi01","All-NBA Second Team","2000","NBA",,"C"
"allenra02","All-NBA Third Team","2000","NBA",,"G"
"malonka01","All-NBA Third Team","2000","NBA",,"F"
"nowitdi01","All-NBA Third Team","2000","NBA",,"F"
"paytoga01","All-NBA Third Team","2000","NBA",,"G"
"robinda01","All-NBA Third Team","2000","NBA",,"C"
"mutomdi01","Defensive Player of the Year","2000","NBA",,
"onealsh01","Finals MVP","2000","NBA",,
"mcgratr01","Most Improved Player","2000","NBA",,
"iversal01","Most Valuable Player","2000","NBA",,
"millemi01","Rookie of the Year","2000","NBA",,
"mckieaa01","Sixth Man of the Year","2000","NBA",,
"duncati01","All-Defensive First Team","2001","NBA",,
"garneke01","All-Defensive First Team","2001","NBA",,
"kiddja01","All-Defensive First Team","2001","NBA",,
"paytoga01","All-Defensive First Team","2001","NBA",,
"wallabe01","All-Defensive First Team","2001","NBA",,
"bowenbr01","All-Defensive Second Team","2001","NBA",,
"bryanko01","All-Defensive Second Team","2001","NBA",,
"chrisdo01","All-Defensive Second Team","2001","NBA",,
"mutomdi01","All-Defensive Second Team","2001","NBA",,
"robincl02","All-Defensive Second Team","2001","NBA",,
"bryanko01","All-NBA First Team","2001","NBA",,"G"
"duncati01","All-NBA First Team","2001","NBA",,"F"
"kiddja01","All-NBA First Team","2001","NBA",,"G"
"mcgratr01","All-NBA First Team","2001","NBA",,"F"
"onealsh01","All-NBA First Team","2001","NBA",,"C"
"garneke01","All-NBA Second Team","2001","NBA",,"F"
"iversal01","All-NBA Second Team","2001","NBA",,"G"
"nowitdi01","All-NBA Second Team","2001","NBA",,"C"
"paytoga01","All-NBA Second Team","2001","NBA",,"G"
"webbech01","All-NBA Second Team","2001","NBA",,"F"
"mutomdi01","All-NBA Third Team","2001","NBA",,"C"
"nashst01","All-NBA Third Team","2001","NBA",,"G"
"onealje01","All-NBA Third Team","2001","NBA",,"F"
"piercpa01","All-NBA Third Team","2001","NBA",,"G"
"wallabe01","All-NBA Third Team","2001","NBA",,"F"
"wallabe01","Defensive Player of the Year","2001","NBA",,
"onealsh01","Finals MVP","2001","NBA",,
"onealje01","Most Improved Player","2001","NBA",,
"duncati01","Most Valuable Player","2001","NBA",,
"gasolpa01","Rookie of the Year","2001","NBA",,
"willico02","Sixth Man of the Year","2001","NBA",,
"bryanko01","All-Defensive First Team","2002","NBA",,
"chrisdo01","All-Defensive First Team","2002","NBA",,
"duncati01","All-Defensive First Team","2002","NBA",,
"garneke01","All-Defensive First Team","2002","NBA",,
"wallabe01","All-Defensive First Team","2002","NBA",,
"artesro01","All-Defensive Second Team","2002","NBA",,
"bowenbr01","All-Defensive Second Team","2002","NBA",,
"kiddja01","All-Defensive Second Team","2002","NBA",,
"onealsh01","All-Defensive Second Team","2002","NBA",,
"snower01","All-Defensive Second Team","2002","NBA",,
"bryanko01","All-NBA First Team","2002","NBA",,"G"
"duncati01","All-NBA First Team","2002","NBA",,"F"
"garneke01","All-NBA First Team","2002","NBA",,"F"
"mcgratr01","All-NBA First Team","2002","NBA",,"G"
"onealsh01","All-NBA First Team","2002","NBA",,"C"
"iversal01","All-NBA Second Team","2002","NBA",,"G"
"kiddja01","All-NBA Second Team","2002","NBA",,"G"
"nowitdi01","All-NBA Second Team","2002","NBA",,"F"
"wallabe01","All-NBA Second Team","2002","NBA",,"C"
"webbech01","All-NBA Second Team","2002","NBA",,"F"
"marbust01","All-NBA Third Team","2002","NBA",,"G"
"mashbja01","All-NBA Third Team","2002","NBA",,"F"
"nashst01","All-NBA Third Team","2002","NBA",,"G"
"onealje01","All-NBA Third Team","2002","NBA",,"C"
"piercpa01","All-NBA Third Team","2002","NBA",,"F"
"wallabe01","Defensive Player of the Year","2002","NBA",,
"duncati01","Finals MVP","2002","NBA",,
"arenagi01","Most Improved Player","2002","NBA",,
"duncati01","Most Valuable Player","2002","NBA",,
"stoudam01","Rookie of the Year","2002","NBA",,
"jacksbo01","Sixth Man of the Year","2002","NBA",,
"artesro01","All-Defensive First Team","2003","NBA",,
"bowenbr01","All-Defensive First Team","2003","NBA",,
"bryanko01","All-Defensive First Team","2003","NBA",,
"garneke01","All-Defensive First Team","2003","NBA",,
"wallabe01","All-Defensive First Team","2003","NBA",,
"chrisdo01","All-Defensive Second Team","2003","NBA",,
"duncati01","All-Defensive Second Team","2003","NBA",,
"kiddja01","All-Defensive Second Team","2003","NBA",,
"kirilan01","All-Defensive Second Team","2003","NBA",,
"ratlith01","All-Defensive Second Team","2003","NBA",,
"bryanko01","All-NBA First Team","2003","NBA",,"G"
"duncati01","All-NBA First Team","2003","NBA",,"F"
"garneke01","All-NBA First Team","2003","NBA",,"F"
"kiddja01","All-NBA First Team","2003","NBA",,"G"
"onealsh01","All-NBA First Team","2003","NBA",,"C"
"cassesa01","All-NBA Second Team","2003","NBA",,"G"
"mcgratr01","All-NBA Second Team","2003","NBA",,"G"
"onealje01","All-NBA Second Team","2003","NBA",,"F"
"stojape01","All-NBA Second Team","2003","NBA",,"F"
"wallabe01","All-NBA Second Team","2003","NBA",,"C"
"artesro01","All-NBA Third Team","2003","NBA",,"F"
"davisba01","All-NBA Third Team","2003","NBA",,"G"
"mingya01","All-NBA Third Team","2003","NBA",,"C"
"nowitdi01","All-NBA Third Team","2003","NBA",,"F"
"reddmi01","All-NBA Third Team","2003","NBA",,"G"
"artesro01","Defensive Player of the Year","2003","NBA",,
"billuch01","Finals MVP","2003","NBA",,
"randoza01","Most Improved Player","2003","NBA",,
"garneke01","Most Valuable Player","2003","NBA",,
"jamesle01","Rookie of the Year","2003","NBA",,
"jamisan01","Sixth Man of the Year","2003","NBA",,
"bowenbr01","All-Defensive First Team","2004","NBA",,
"duncati01","All-Defensive First Team","2004","NBA",,
"garneke01","All-Defensive First Team","2004","NBA",,
"hughela01","All-Defensive First Team","2004","NBA",,
"wallabe01","All-Defensive First Team","2004","NBA",,
"billuch01","All-Defensive Second Team","2004","NBA",,
"cambyma01","All-Defensive Second Team","2004","NBA",,
"kiddja01","All-Defensive Second Team","2004","NBA","tie",
"kirilan01","All-Defensive Second Team","2004","NBA",,
"princta01","All-Defensive Second Team","2004","NBA",,
"wadedw01","All-Defensive Second Team","2004","NBA","tie",
"duncati01","All-NBA First Team","2004","NBA",,"F"
"iversal01","All-NBA First Team","2004","NBA",,"G"
"nashst01","All-NBA First Team","2004","NBA",,"G"
"nowitdi01","All-NBA First Team","2004","NBA",,"F"
"onealsh01","All-NBA First Team","2004","NBA",,"C"
"allenra02","All-NBA Second Team","2004","NBA",,"G"
"garneke01","All-NBA Second Team","2004","NBA",,"F"
"jamesle01","All-NBA Second Team","2004","NBA",,"F"
"stoudam01","All-NBA Second Team","2004","NBA",,"C"
"wadedw01","All-NBA Second Team","2004","NBA",,"G"
"arenagi01","All-NBA Third Team","2004","NBA",,"G"
"bryanko01","All-NBA Third Team","2004","NBA",,"G"
"mariosh01","All-NBA Third Team","2004","NBA",,"F"
"mcgratr01","All-NBA Third Team","2004","NBA",,"F"
"wallabe01","All-NBA Third Team","2004","NBA",,"C"
"wallabe01","Defensive Player of the Year","2004","NBA",,
"duncati01","Finals MVP","2004","NBA",,
"simmobo01","Most Improved Player","2004","NBA",,
"nashst01","Most Valuable Player","2004","NBA",,
"okafoem01","Rookie of the Year","2004","NBA",,
"gordobe01","Sixth Man of the Year","2004","NBA",,
"artesro01","All-Defensive First Team","2005","NBA",,
"bowenbr01","All-Defensive First Team","2005","NBA",,
"bryanko01","All-Defensive First Team","2005","NBA","tie",
"kiddja01","All-Defensive First Team","2005","NBA","tie",
"kirilan01","All-Defensive First Team","2005","NBA",,
"wallabe01","All-Defensive First Team","2005","NBA",,
"billuch01","All-Defensive Second Team","2005","NBA",,
"cambyma01","All-Defensive Second Team","2005","NBA",,
"duncati01","All-Defensive Second Team","2005","NBA",,
"garneke01","All-Defensive Second Team","2005","NBA",,
"princta01","All-Defensive Second Team","2005","NBA",,
"bryanko01","All-NBA First Team","2005","NBA",,"G"
"jamesle01","All-NBA First Team","2005","NBA",,"F"
"nashst01","All-NBA First Team","2005","NBA",,"G"
"nowitdi01","All-NBA First Team","2005","NBA",,"F"
"onealsh01","All-NBA First Team","2005","NBA",,"C"
"billuch01","All-NBA Second Team","2005","NBA",,"G"
"brandel01","All-NBA Second Team","2005","NBA",,"F"
"duncati01","All-NBA Second Team","2005","NBA",,"F"
"wadedw01","All-NBA Second Team","2005","NBA",,"G"
"wallabe01","All-NBA Second Team","2005","NBA",,"C"
"anthoca01","All-NBA Third Team","2005","NBA",,"F"
"arenagi01","All-NBA Third Team","2005","NBA",,"G"
"iversal01","All-NBA Third Team","2005","NBA",,"G"
"mariosh01","All-NBA Third Team","2005","NBA",,"F"
"mingya01","All-NBA Third Team","2005","NBA",,"C"
"wallabe01","Defensive Player of the Year","2005","NBA",,
"wadedw01","Finals MVP","2005","NBA",,
"diawbo01","Most Improved Player","2005","NBA",,
"nashst01","Most Valuable Player","2005","NBA",,
"paulch01","Rookie of the Year","2005","NBA",,
"millemi01","Sixth Man of the Year","2005","NBA",,
"bellra01","All-Defensive First Team","2006","NBA",,
"bowenbr01","All-Defensive First Team","2006","NBA",,
"bryanko01","All-Defensive First Team","2006","NBA",,
"cambyma01","All-Defensive First Team","2006","NBA",,
"duncati01","All-Defensive First Team","2006","NBA",,
"garneke01","All-Defensive Second Team","2006","NBA",,
"hinriki01","All-Defensive Second Team","2006","NBA",,
"kiddja01","All-Defensive Second Team","2006","NBA",,
"princta01","All-Defensive Second Team","2006","NBA",,
"wallabe01","All-Defensive Second Team","2006","NBA",,
"bryanko01","All-NBA First Team","2006","NBA",,"G"
"duncati01","All-NBA First Team","2006","NBA",,"F"
"nashst01","All-NBA First Team","2006","NBA",,"G"
"nowitdi01","All-NBA First Team","2006","NBA",,"F"
"stoudam01","All-NBA First Team","2006","NBA",,"C"
"arenagi01","All-NBA Second Team","2006","NBA",,"G"
"boshch01","All-NBA Second Team","2006","NBA",,"F"
"jamesle01","All-NBA Second Team","2006","NBA",,"F"
"mcgratr01","All-NBA Second Team","2006","NBA",,"G"
"mingya01","All-NBA Second Team","2006","NBA",,"C"
"anthoca01","All-NBA Third Team","2006","NBA",,"F"
"billuch01","All-NBA Third Team","2006","NBA",,"G"
"garneke01","All-NBA Third Team","2006","NBA",,"F"
"howardw01","All-NBA Third Team","2006","NBA",,"C"
"wadedw01","All-NBA Third Team","2006","NBA",,"G"
"cambyma01","Defensive Player of the Year","2006","NBA",,
"parketo01","Finals MVP","2006","NBA",,
"ellismo01","Most Improved Player","2006","NBA",,
"nowitdi01","Most Valuable Player","2006","NBA",,
"roybr01","Rookie of the Year","2006","NBA",,
"barbole01","Sixth Man of the Year","2006","NBA",,
"aingeda01","Executive of the Year","2007","NBA",,
"battish01","All-Defensive Second Team","2007","NBA",,"F"
"bellra01","All-Defensive Second Team","2007","NBA",,"G"
"boozeca01","All-NBA Third Team","2007","NBA",,"F"
"bowenbr01","All-Defensive First Team","2007","NBA",,"G"
"bryanko01","All-NBA First Team","2007","NBA",,"G"
"bryanko01","Most Valuable Player","2007","NBA",,
"bryanko01","All-Defensive First Team","2007","NBA",,"G"
"cambyma01","All-Defensive First Team","2007","NBA",,"C"
"duncati01","All-NBA Second Team","2007","NBA",,"F"
"duncati01","All-Defensive First Team","2007","NBA",,"F"
"duranke01","All-Rookie First Team","2007","NBA",,
"duranke01","Rookie of the Year","2007","NBA",,
"garneke01","All-NBA First Team","2007","NBA",,"F"
"garneke01","Defensive Player of the Year","2007","NBA",,
"garneke01","All-Defensive First Team","2007","NBA",,"F"
"ginobem01","All-NBA Third Team","2007","NBA",,"G"
"ginobem01","Sixth Man of the Year","2007","NBA",,
"greenje02","All-Rookie First Team","2007","NBA",,
"hillgr01","Sportsmanship Award","2007","NBA",,
"horfoal01","All-Rookie First Team","2007","NBA",,
"howardw01","All-NBA First Team","2007","NBA",,"C"
"howardw01","All-Defensive Second Team","2007","NBA",,"C"
"jamesle01","All-NBA First Team","2007","NBA",,"F"
"landrca01","All-Rookie Second Team","2007","NBA",,
"mcgratr01","All-NBA Third Team","2007","NBA",,"G"
"mingya01","All-NBA Third Team","2007","NBA",,"C"
"moonja01","All-Rookie Second Team","2007","NBA",,
"nashst01","All-NBA Second Team","2007","NBA",,"G"
"navarju01","All-Rookie Second Team","2007","NBA",,
"nowitdi01","All-NBA Second Team","2007","NBA",,"F"
"paulch01","All-NBA First Team","2007","NBA",,"G"
"paulch01","All-Defensive Second Team","2007","NBA",,"G"
"piercpa01","All-NBA Third Team","2007","NBA",,"F"
"piercpa01","Finals MVP","2007","NBA",,
"princta01","All-Defensive Second Team","2007","NBA",,"F"
"scolalu01","All-Rookie First Team","2007","NBA",,
"stoudam01","All-NBA Second Team","2007","NBA",,"C"
"stuckro01","All-Rookie Second Team","2007","NBA",,
"thornal01","All-Rookie First Team","2007","NBA",,
"turkohe01","Most Improved Player","2007","NBA",,
"willide01","All-NBA Second Team","2007","NBA",,"G"
"youngth01","All-Rookie Second Team","2007","NBA",,
"anthoca01","All-NBA Third Team","2008","NBA",,"F"
"artesro01","All-Defensive Second Team","2008","NBA",,
"augusdj01","All-Rookie Second Team","2008","NBA","tie",
"battish01","All-Defensive Second Team","2008","NBA",,
"beaslmi01","All-Rookie First Team","2008","NBA",,
"billuch01","All-NBA Third Team","2008","NBA",,"G"
"billuch01","Sportsmanship Award","2008","NBA",,
"bryanko01","All-NBA First Team","2008","NBA",,"G"
"bryanko01","Finals MVP ","2008","NBA",,
"bryanko01","All-Defensive First Team","2008","NBA",,
"chalmma01","All-Rookie Second Team","2008","NBA",,
"duncati01","All-NBA Second Team","2008","NBA",,"F"
"duncati01","All-Defensive Second Team","2008","NBA",,
"fernaru01","All-Rookie Second Team","2008","NBA","tie",
"garneke01","All-Defensive First Team","2008","NBA",,
"gasolma01","All-Rookie Second Team","2008","NBA",,
"gasolpa01","All-NBA Third Team","2008","NBA",,"F"
"gordoer01","All-Rookie Second Team","2008","NBA",,
"grangda01","Most Improved Player","2008","NBA",,
"howardw01","All-NBA First Team","2008","NBA",,"C"
"howardw01","Defensive Player of the Year","2008","NBA",,
"howardw01","All-Defensive First Team","2008","NBA",,
"jamesle01","All-NBA First Team","2008","NBA",,"F"
"jamesle01","Most Valuable Player","2008","NBA",,
"jamesle01","All-Defensive First Team","2008","NBA",,
"lopezbr01","All-Rookie First Team","2008","NBA",,
"loveke01","All-Rookie Second Team","2008","NBA",,
"mayooj01","All-Rookie First Team","2008","NBA",,
"mingya01","All-NBA Second Team","2008","NBA",,"C"
"mutomdi01","J. Walter Kennedy Citizenship Award","2008","NBA",,
"nowitdi01","All-NBA First Team","2008","NBA",,"F"
"onealsh01","All-NBA Third Team","2008","NBA",,"C"
"parketo01","All-NBA Third Team","2008","NBA",,"G"
"paulch01","All-NBA Second Team","2008","NBA",,"G"
"paulch01","All-Defensive First Team","2008","NBA",,
"piercpa01","All-NBA Second Team","2008","NBA",,"F"
"rondora01","All-Defensive Second Team","2008","NBA",,
"rosede01","All-Rookie First Team","2008","NBA",,
"rosede01","Rookie of the Year","2008","NBA",,
"roybr01","All-NBA Second Team","2008","NBA",,"G"
"terryja01","Sixth Man of the Year","2008","NBA",,
"wadedw01","All-NBA First Team","2008","NBA",,"G"
"wadedw01","All-Defensive Second Team","2008","NBA",,
"westbru01","All-Rookie First Team","2008","NBA",,
"anthoca01","All-NBA Second Team","2009","NBA",,"F"
"blairde01","All-Rookie Second Team","2009","NBA",,
"bogutan01","All-NBA Third Team","2009","NBA",,"C"
"brookaa01","Most Improved Player","2009","NBA",,
"bryanko01","All-NBA First Team","2009","NBA",,"G"
"bryanko01","Finals MVP ","2009","NBA",,
"bryanko01","All-Defensive First Team","2009","NBA",,
"collida01","All-Rookie First Team","2009","NBA",,
"crawfja01","Sixth Man of the Year","2009","NBA",,
"curryst01","All-Rookie First Team","2009","NBA",,
"dalemsa01","J. Walter Kennedy Citizenship Award","2009","NBA",,
"duncati01","All-NBA Third Team","2009","NBA",,"F"
"duncati01","All-Defensive Second Team","2009","NBA",,
"duranke01","All-NBA First Team","2009","NBA",,"F"
"evansty01","All-Rookie First Team","2009","NBA",,
"evansty01","Rookie of the Year","2009","NBA",,
"flynnjo01","All-Rookie Second Team","2009","NBA",,
"gasolpa01","All-NBA Third Team","2009","NBA",,"F"
"gibsota01","All-Rookie First Team","2009","NBA",,
"hardeja01","All-Rookie Second Team","2009","NBA",,
"hillgr01","Sportsmanship Award","2009","NBA",,
"howardw01","All-NBA First Team","2009","NBA",,"C"
"howardw01","Defensive Player of the Year","2009","NBA",,
"howardw01","All-Defensive First Team","2009","NBA",,
"jamesle01","All-NBA First Team","2009","NBA",,"F"
"jamesle01","Most Valuable Player","2009","NBA",,
"jamesle01","All-Defensive First Team","2009","NBA",,
"jennibr01","All-Rookie First Team","2009","NBA",,
"jerebjo01","All-Rookie Second Team","2009","NBA",,
"johnsjo02","All-NBA Third Team","2009","NBA",,"G"
"nashst01","All-NBA Second Team","2009","NBA",,"G"
"nowitdi01","All-NBA Second Team","2009","NBA",,"F"
"rondora01","All-Defensive First Team","2009","NBA",,
"roybr01","All-NBA Third Team","2009","NBA",,"G"
"sefolth01","All-Defensive Second Team","2009","NBA",,
"smithjo03","All-Defensive Second Team","2009","NBA",,
"stoudam01","All-NBA Second Team","2009","NBA",,"C"
"thornma01","All-Rookie Second Team","2009","NBA",,
"varejan01","All-Defensive Second Team","2009","NBA",,
"wadedw01","All-NBA First Team","2009","NBA",,"G"
"wadedw01","All-Defensive Second Team","2009","NBA",,
"wallage01","All-Defensive First Team","2009","NBA",,
"willide01","All-NBA Second Team","2009","NBA",,"G"
"aldrila01","All-NBA Third Team","2010","NBA",,"F"
"allento01","All-Defensive Second Team","2010","NBA",,"G"
"artesro01","J. Walter Kennedy Citizenship Award","2010","NBA",,
"bledser01","All-Rookie Second Team","2010","NBA",,"G"
"bryanko01","All-NBA First Team","2010","NBA",,"G"
"bryanko01","All-Defensive First Team","2010","NBA",,"G"
"chandty01","All-Defensive Second Team","2010","NBA",,"C"
"couside01","All-Rookie First Team","2010","NBA",,"C"
"curryst01","Sportsmanship Award","2010","NBA",,
"duranke01","All-NBA First Team","2010","NBA",,"F"
"favorde01","All-Rookie Second Team","2010","NBA",,"F"
"fieldla01","All-Rookie First Team","2010","NBA",,"F/G"
"garneke01","All-Defensive First Team","2010","NBA",,"F"
"gasolpa01","All-NBA Second Team","2010","NBA",,"F"
"georgpa01","All-Rookie Second Team","2010","NBA",,"F"
"ginobem01","All-NBA Third Team","2010","NBA",,"G"
"griffbl01","All-Rookie First Team","2010","NBA",,"F"
"griffbl01","Rookie of the Year","2010","NBA",,
"horfoal01","All-NBA Third Team","2010","NBA",,"C"
"howardw01","All-NBA First Team","2010","NBA",,"C"
"howardw01","Defensive Player of the Year","2010","NBA",,
"howardw01","All-Defensive First Team","2010","NBA",,"C"
"iguodan01","All-Defensive Second Team","2010","NBA",,"F"
"jamesle01","All-NBA First Team","2010","NBA",,"F"
"jamesle01","All-Defensive First Team","2010","NBA",,"F"
"johnswe01","All-Rookie Second Team","2010","NBA",,"G"
"loveke01","Most Improved Player","2010","NBA",,
"monrogr01","All-Rookie Second Team","2010","NBA",,"C"
"nealga01","All-Rookie First Team","2010","NBA",,"G"
"noahjo01","All-Defensive Second Team","2010","NBA",,"F/C"
"nowitdi01","All-NBA Second Team","2010","NBA",,"F"
"nowitdi01","Finals MVP","2010","NBA",,
"odomla01","Sixth Man of the Year","2010","NBA",,
"paulch01","All-NBA Third Team","2010","NBA",,"G"
"paulch01","All-Defensive Second Team","2010","NBA",,"G"
"randoza01","All-NBA Third Team","2010","NBA",,"F"
"rondora01","All-Defensive First Team","2010","NBA",,"G"
"rosede01","All-NBA First Team","2010","NBA",,"G"
"rosede01","Most Valuable Player","2010","NBA",,
"stoudam01","All-NBA Second Team","2010","NBA",,"C"
"wadedw01","All-NBA Second Team","2010","NBA",,"G"
"walljo01","All-Rookie First Team","2010","NBA",,"G"
"westbru01","All-NBA Second Team","2010","NBA",,"G"
"allento01","All-Defensive First Team","2011","NBA",,"G"
"anderry01","Most Improved Player","2011","NBA",,
"anthoca01","All-NBA Third Team","2011","NBA",,"F"
"brookma01","All-Rookie Second Team","2011","NBA",,"F/G"
"bryanko01","All-NBA First Team","2011","NBA",,"G"
"bryanko01","All-Defensive Second Team","2011","NBA",,"G"
"bynuman01","All-NBA Second Team","2011","NBA",,"C"
"chandty01","All-NBA Third Team","2011","NBA",,"C"
"chandty01","Defensive Player of the Year","2011","NBA",,
"chandty01","All-Defensive Second Team","2011","NBA",,"C"
"denglu01","All-Defensive Second Team","2011","NBA",,"F"
"duranke01","All-NBA First Team","2011","NBA",,"F"
"farieke01","All-Rookie First Team","2011","NBA",,"F"
"garneke01","All-Defensive Second Team","2011","NBA",,"F"
"gasolpa01","J. Walter Kennedy Citizenship Award","2011","NBA",,
"griffbl01","All-NBA Second Team","2011","NBA",,"F"
"hardeja01","Sixth Man of the Year","2011","NBA",,
"howardw01","All-NBA First Team","2011","NBA",,"C"
"howardw01","All-Defensive First Team","2011","NBA",,"C"
"ibakase01","All-Defensive First Team","2011","NBA",,"F"
"irvinky01","All-Rookie First Team","2011","NBA",,"G"
"irvinky01","Rookie of the Year","2011","NBA",,
"jamesle01","All-NBA First Team","2011","NBA",,"F"
"jamesle01","Finals MVP ","2011","NBA",,
"jamesle01","Most Valuable Player","2011","NBA",,
"jamesle01","All-Defensive First Team","2011","NBA",,"F"
"kiddja01","Sportsmanship Award","2011","NBA",,
"knighbr03","All-Rookie First Team","2011","NBA","tie","G"
"leonaka01","All-Rookie First Team","2011","NBA","tie","F"
"loveke01","All-NBA Second Team","2011","NBA",,"F"
"nowitdi01","All-NBA Third Team","2011","NBA",,"F"
"parketo01","All-NBA Second Team","2011","NBA",,"G"
"parsoch01","All-Rookie Second Team","2011","NBA",,"F"
"paulch01","All-NBA First Team","2011","NBA",,"G"
"paulch01","All-Defensive First Team","2011","NBA",,"G"
"rondora01","All-NBA Third Team","2011","NBA",,"G"
"rondora01","All-Defensive Second Team","2011","NBA",,"G"
"rubiori01","All-Rookie First Team","2011","NBA",,"G"
"shumpim01","All-Rookie First Team","2011","NBA","tie","G"
"thomais02","All-Rookie Second Team","2011","NBA",,"G"
"thompkl01","All-Rookie First Team","2011","NBA",,"F/G"
"thomptr02","All-Rookie Second Team","2011","NBA",,"F/C"
"wadedw01","All-NBA Third Team","2011","NBA",,"G"
"westbru01","All-NBA Second Team","2011","NBA",,"G"
"willide02","All-Rookie Second Team","2011","NBA",,"F"
"edwarco02","Most Valuable Player","1937","NBL",,
"edwarco02","Most Valuable Player","1938","NBL",,
"edwarco02","Most Valuable Player","1939","NBL",,
"stephbe01","Most Valuable Player","1940","NBL",,
"chuckch01","Most Valuable Player","1941","NBL",,
"mcderbo01","Most Valuable Player","1942","NBL",,
"mcderbo01","Most Valuable Player","1943","NBL",,
"mcderbo01","Most Valuable Player","1944","NBL",,
"mcderbo01","Most Valuable Player","1945","NBL",,
"daviebo01","Most Valuable Player","1946","NBL",,
"mikange01","Most Valuable Player","1947","NBL",,
"ottendo01","Most Valuable Player","1948","NBL",,
"kesslbo01","Rookie of the Year","1937","NBL",,
"youngje01","Rookie of the Year","1938","NBL",,
"stephbe01","Rookie of the Year","1939","NBL",,
"sadowed01","Rookie of the Year","1940","NBL",,
"glamage01","Rookie of the Year","1941","NBL",,
"buehlke01","Rookie of the Year","1942","NBL",,
"riebeme01","Rookie of the Year","1943","NBL",,
"holzmre01","Rookie of the Year","1944","NBL",,
"mikange01","Rookie of the Year","1945","NBL",,
"lewisfr01","Rookie of the Year","1946","NBL",,
"todormi01","Rookie of the Year","1947","NBL",,
"schaydo01","Rookie of the Year","1948","NBL",,
"hawkico01","Most Valuable Player","1961","ABL1",,
