"year","round","series","tmIDWinner","lgIDWinner","tmIDLoser","lgIDLoser","W","L"
"1946","F","O","PHW","NBA","CHS","NBA","4","1"
"1946","QF","M","NYK","NBA","CLR","NBA","2","1"
"1946","QF","M","PHW","NBA","STB","NBA","2","1"
"1946","SF","N","PHW","NBA","NYK","NBA","2","0"
"1946","SF","N","CHS","NBA","WSC","NBA","4","2"
"1947","F","O","BLB","NBA","PHW","NBA","4","2"
"1947","QF","M","BLB","NBA","NYK","NBA","2","1"
"1947","QF","M","CHS","NBA","BOS","NBA","2","1"
"1947","SF","N","BLB","NBA","CHS","NBA","2","0"
"1947","SF","N","PHW","NBA","STB","NBA","4","3"
"1947","DT","A","BLB","NBA","CHS","NBA","1","0"
"1947","DT","A","CHS","NBA","WSC","NBA","1","0"
"1948","DF","K","WSC","NBA","NYK","NBA","2","1"
"1948","DSF","J","WSC","NBA","PHW","NBA","2","0"
"1948","DSF","J","NYK","NBA","BLB","NBA","2","1"
"1948","F","O","MNL","NBA","WSC","NBA","4","2"
"1948","DF","K","MNL","NBA","ROC","NBA","2","0"
"1948","DSF","J","MNL","NBA","CHS","NBA","2","0"
"1948","DSF","J","ROC","NBA","STB","NBA","2","0"
"1949","DF","K","MNL","NBA","FTW","NBA","2","0"
"1949","DT","A","MNL","NBA","ROC","NBA","1","0"
"1949","DSF","J","FTW","NBA","ROC","NBA","2","0"
"1949","DSF","J","MNL","NBA","CHS","NBA","2","0"
"1949","DT","A","FTW","NBA","CHS","NBA","1","0"
"1949","DF","K","SYR","NBA","NYK","NBA","2","1"
"1949","DSF","J","NYK","NBA","WSC","NBA","2","0"
"1949","DSF","J","SYR","NBA","PHW","NBA","2","0"
"1949","F","O","MNL","NBA","SYR","NBA","4","2"
"1949","SF","N","MNL","NBA","AND","NBA","2","0"
"1949","DF","K","AND","NBA","INO","NBA","2","1"
"1949","DSF","J","AND","NBA","TRI","NBA","2","1"
"1949","DSF","J","INO","NBA","SHE","NBA","2","1"
"1950","DF","K","NYK","NBA","SYR","NBA","3","2"
"1950","DSF","J","NYK","NBA","BOS","NBA","2","0"
"1950","DSF","J","SYR","NBA","PHW","NBA","2","0"
"1950","F","O","ROC","NBA","NYK","NBA","4","3"
"1950","DF","K","ROC","NBA","MNL","NBA","3","1"
"1950","DSF","J","MNL","NBA","INO","NBA","2","1"
"1950","DSF","J","ROC","NBA","FTW","NBA","2","1"
"1951","DF","K","NYK","NBA","SYR","NBA","3","1"
"1951","DSF","J","NYK","NBA","BOS","NBA","2","1"
"1951","DSF","J","SYR","NBA","PHW","NBA","2","1"
"1951","F","O","MNL","NBA","NYK","NBA","4","3"
"1951","DF","K","MNL","NBA","ROC","NBA","3","1"
"1951","DSF","J","MNL","NBA","INO","NBA","2","0"
"1951","DSF","J","ROC","NBA","FTW","NBA","2","0"
"1952","DF","K","NYK","NBA","BOS","NBA","3","1"
"1952","DSF","J","BOS","NBA","SYR","NBA","2","0"
"1952","DSF","J","NYK","NBA","BLB","NBA","2","0"
"1952","F","O","MNL","NBA","NYK","NBA","4","1"
"1952","DF","K","MNL","NBA","FTW","NBA","3","2"
"1952","DSF","J","MNL","NBA","INO","NBA","2","0"
"1952","DSF","J","FTW","NBA","ROC","NBA","2","1"
"1953","DF","K","SYR","NBA","BOS","NBA","2","0"
"1953","RR","I","SYR","NBA",,"NBA","4","0"
"1953","RR","I","BOS","NBA",,"NBA","2","2"
"1953","RR","I","NYK","NBA",,"NBA","0","4"
"1953","F","O","MNL","NBA","SYR","NBA","4","3"
"1953","DF","K","MNL","NBA","ROC","NBA","2","1"
"1953","RR","I","MNL","NBA",,"NBA","3","0"
"1953","RR","I","ROC","NBA",,"NBA","2","1"
"1953","RR","I","FTW","NBA",,"NBA","0","4"
"1954","DF","K","SYR","NBA","BOS","NBA","3","1"
"1954","DSF","J","BOS","NBA","NYK","NBA","2","1"
"1954","F","O","SYR","NBA","FTW","NBA","4","3"
"1954","DF","K","FTW","NBA","MNL","NBA","3","1"
"1954","DSF","J","MNL","NBA","ROC","NBA","2","1"
"1955","DF","K","PHW","NBA","SYR","NBA","3","2"
"1955","DSF","J","SYR","NBA","BOS","NBA","2","1"
"1955","DT","A","SYR","NBA","NYK","NBA","1","0"
"1955","F","O","PHW","NBA","FTW","NBA","4","1"
"1955","DF","K","FTW","NBA","STL","NBA","3","2"
"1955","DT","A","MNL","NBA","STL","NBA","1","0"
"1955","DSF","J","STL","NBA","MNL","NBA","2","1"
"1956","DF","K","BOS","NBA","SYR","NBA","3","0"
"1956","DSF","J","SYR","NBA","PHW","NBA","2","0"
"1956","F","O","BOS","NBA","STL","NBA","4","3"
"1956","DF","K","STL","NBA","MNL","NBA","3","0"
"1956","DSF","J","MNL","NBA","FTW","NBA","2","0"
"1956","DT","A","STL","NBA","FTW","NBA","1","0"
"1956","DT","A","STL","NBA","MNL","NBA","1","0"
"1957","DF","K","BOS","NBA","PHW","NBA","4","1"
"1957","DSF","J","PHW","NBA","SYR","NBA","2","1"
"1957","F","O","STL","NBA","BOS","NBA","4","2"
"1957","DF","K","STL","NBA","DET","NBA","4","1"
"1957","DSF","J","DET","NBA","CIN","NBA","2","0"
"1958","DF","K","BOS","NBA","SYR","NBA","4","3"
"1958","DSF","J","SYR","NBA","NYK","NBA","2","0"
"1958","F","O","BOS","NBA","MNL","NBA","4","0"
"1958","DF","K","MNL","NBA","STL","NBA","4","2"
"1958","DSF","J","MNL","NBA","DET","NBA","2","1"
"1959","DF","K","BOS","NBA","PHW","NBA","4","2"
"1959","DSF","J","PHW","NBA","SYR","NBA","2","1"
"1959","F","O","BOS","NBA","STL","NBA","4","3"
"1959","DF","K","STL","NBA","MNL","NBA","4","3"
"1959","DSF","J","MNL","NBA","DET","NBA","2","0"
"1960","DF","K","BOS","NBA","SYR","NBA","4","1"
"1960","DSF","J","SYR","NBA","PHW","NBA","3","0"
"1960","F","O","BOS","NBA","STL","NBA","4","1"
"1960","DF","K","STL","NBA","LAL","NBA","4","3"
"1960","DSF","J","LAL","NBA","DET","NBA","3","2"
"1961","DF","K","BOS","NBA","PHW","NBA","4","3"
"1961","DSF","J","PHW","NBA","SYR","NBA","3","2"
"1961","F","O","BOS","NBA","LAL","NBA","4","3"
"1961","DF","K","LAL","NBA","DET","NBA","4","2"
"1961","DSF","J","DET","NBA","CIN","NBA","3","1"
"1962","DF","K","BOS","NBA","CIN","NBA","4","3"
"1962","DSF","J","CIN","NBA","SYR","NBA","3","2"
"1962","F","O","BOS","NBA","LAL","NBA","4","2"
"1962","DF","K","LAL","NBA","STL","NBA","4","3"
"1962","DSF","J","STL","NBA","DET","NBA","3","1"
"1963","DF","K","BOS","NBA","CIN","NBA","4","1"
"1963","DSF","J","CIN","NBA","PHI","NBA","3","2"
"1963","F","O","BOS","NBA","SFW","NBA","4","1"
"1963","DF","K","SFW","NBA","STL","NBA","4","3"
"1963","DSF","J","STL","NBA","LAL","NBA","3","2"
"1964","DF","K","BOS","NBA","PHI","NBA","4","3"
"1964","DSF","J","PHI","NBA","CIN","NBA","3","1"
"1964","F","O","BOS","NBA","LAL","NBA","4","1"
"1964","DF","K","LAL","NBA","BAL","NBA","4","2"
"1964","DSF","J","BAL","NBA","STL","NBA","3","1"
"1965","DF","K","BOS","NBA","PHI","NBA","4","1"
"1965","DSF","J","BOS","NBA","CIN","NBA","3","2"
"1965","F","O","BOS","NBA","LAL","NBA","4","3"
"1965","DF","K","LAL","NBA","STL","NBA","4","3"
"1965","DSF","J","STL","NBA","BAL","NBA","3","0"
"1966","DF","K","PHI","NBA","BOS","NBA","4","1"
"1966","DSF","J","BOS","NBA","NYK","NBA","3","1"
"1966","DSF","J","PHI","NBA","CIN","NBA","3","1"
"1966","F","O","PHI","NBA","SFW","NBA","4","2"
"1966","DF","K","SFW","NBA","STL","NBA","4","2"
"1966","DSF","J","SFW","NBA","LAL","NBA","3","0"
"1966","DSF","J","STL","NBA","CHI","NBA","3","0"
"1967","DF","K","BOS","NBA","PHI","NBA","4","3"
"1967","DSF","J","BOS","NBA","DET","NBA","4","2"
"1967","DSF","J","PHI","NBA","NYK","NBA","4","2"
"1967","F","O","BOS","NBA","LAL","NBA","4","2"
"1967","DF","K","LAL","NBA","SFW","NBA","4","0"
"1967","DSF","J","LAL","NBA","CHI","NBA","4","1"
"1967","DSF","J","SFW","NBA","STL","NBA","4","2"
"1968","DF","K","BOS","NBA","NYK","NBA","4","2"
"1968","DSF","J","NYK","NBA","BAL","NBA","4","0"
"1968","DSF","J","BOS","NBA","PHI","NBA","4","1"
"1968","F","O","BOS","NBA","LAL","NBA","4","3"
"1968","DF","K","LAL","NBA","ATL","NBA","4","1"
"1968","DSF","J","ATL","NBA","SDR","NBA","4","2"
"1968","DSF","J","LAL","NBA","SFW","NBA","4","2"
"1969","DF","K","NYK","NBA","MIL","NBA","4","1"
"1969","DSF","J","MIL","NBA","PHI","NBA","4","1"
"1969","DSF","J","NYK","NBA","BAL","NBA","4","3"
"1969","F","O","NYK","NBA","LAL","NBA","4","3"
"1969","DF","K","LAL","NBA","ATL","NBA","4","0"
"1969","DSF","J","ATL","NBA","CHI","NBA","4","1"
"1969","DSF","J","LAL","NBA","PHO","NBA","4","3"
"1970","CF","N","BAL","NBA","NYK","NBA","4","3"
"1970","CSF","M","NYK","NBA","ATL","NBA","4","1"
"1970","CSF","M","BAL","NBA","PHI","NBA","4","3"
"1970","F","O","MIL","NBA","BAL","NBA","4","0"
"1970","CF","N","MIL","NBA","LAL","NBA","4","1"
"1970","CSF","M","MIL","NBA","SFW","NBA","4","1"
"1970","CSF","M","LAL","NBA","CHI","NBA","4","3"
"1971","CF","N","NYK","NBA","BOS","NBA","4","1"
"1971","CSF","M","BOS","NBA","ATL","NBA","4","2"
"1971","CSF","M","NYK","NBA","BAL","NBA","4","2"
"1971","F","O","LAL","NBA","NYK","NBA","4","1"
"1971","CF","N","LAL","NBA","MIL","NBA","4","2"
"1971","CSF","M","LAL","NBA","CHI","NBA","4","0"
"1971","CSF","M","MIL","NBA","GSW","NBA","4","1"
"1972","CF","N","NYK","NBA","BOS","NBA","4","3"
"1972","CSF","M","NYK","NBA","BAL","NBA","4","1"
"1972","CSF","M","BOS","NBA","ATL","NBA","4","2"
"1972","F","O","NYK","NBA","LAL","NBA","4","1"
"1972","CF","N","LAL","NBA","GSW","NBA","4","1"
"1972","CSF","M","GSW","NBA","MIL","NBA","4","2"
"1972","CSF","M","LAL","NBA","CHI","NBA","4","3"
"1973","CF","N","BOS","NBA","NYK","NBA","4","1"
"1973","CSF","M","BOS","NBA","BUF","NBA","4","2"
"1973","CSF","M","NYK","NBA","CAP","NBA","4","3"
"1973","F","O","BOS","NBA","MIL","NBA","4","3"
"1973","CF","N","MIL","NBA","CHI","NBA","4","0"
"1973","CSF","M","MIL","NBA","LAL","NBA","4","1"
"1973","CSF","M","CHI","NBA","DET","NBA","4","3"
"1974","CF","N","WSB","NBA","BOS","NBA","4","2"
"1974","CFR","L","HOU","NBA","NYK","NBA","2","1"
"1974","CSF","M","BOS","NBA","HOU","NBA","4","1"
"1974","CSF","M","WSB","NBA","BUF","NBA","4","3"
"1974","F","O","GSW","NBA","WSB","NBA","4","0"
"1974","CF","N","GSW","NBA","CHI","NBA","4","3"
"1974","CFR","L","SEA","NBA","DET","NBA","2","1"
"1974","CSF","M","CHI","NBA","KCO","NBA","4","2"
"1974","CSF","M","GSW","NBA","SEA","NBA","4","2"
"1975","CF","N","BOS","NBA","CLE","NBA","4","2"
"1975","CFR","L","BUF","NBA","PHI","NBA","2","1"
"1975","CSF","M","BOS","NBA","BUF","NBA","4","2"
"1975","CSF","M","CLE","NBA","WSB","NBA","4","3"
"1975","F","O","BOS","NBA","PHO","NBA","4","2"
"1975","CF","N","PHO","NBA","GSW","NBA","4","3"
"1975","CFR","L","DET","NBA","MIL","NBA","2","1"
"1975","CSF","M","GSW","NBA","DET","NBA","4","2"
"1975","CSF","M","PHO","NBA","SEA","NBA","4","2"
"1976","CF","N","PHI","NBA","HOU","NBA","4","2"
"1976","CFR","L","BOS","NBA","SAS","NBA","2","0"
"1976","CFR","L","WSB","NBA","CLE","NBA","2","1"
"1976","CSF","M","HOU","NBA","WSB","NBA","4","2"
"1976","CSF","M","PHI","NBA","BOS","NBA","4","3"
"1976","F","O","POR","NBA","PHI","NBA","4","2"
"1976","CF","N","POR","NBA","LAL","NBA","4","0"
"1976","CFR","L","GSW","NBA","DET","NBA","2","1"
"1976","CFR","L","POR","NBA","CHI","NBA","2","1"
"1976","CSF","M","POR","NBA","DEN","NBA","4","2"
"1976","CSF","M","LAL","NBA","GSW","NBA","4","3"
"1977","CF","N","WSB","NBA","PHI","NBA","4","2"
"1977","CFR","L","NYK","NBA","CLE","NBA","2","0"
"1977","CFR","L","WSB","NBA","ATL","NBA","2","0"
"1977","CSF","M","PHI","NBA","NYK","NBA","4","0"
"1977","CSF","M","WSB","NBA","SAS","NBA","4","2"
"1977","F","O","WSB","NBA","SEA","NBA","4","3"
"1977","CF","N","SEA","NBA","DEN","NBA","4","2"
"1977","CFR","L","MIL","NBA","PHO","NBA","2","0"
"1977","CFR","L","SEA","NBA","LAL","NBA","2","1"
"1977","CSF","M","SEA","NBA","POR","NBA","4","2"
"1977","CSF","M","DEN","NBA","MIL","NBA","4","3"
"1978","CF","N","WSB","NBA","SAS","NBA","4","3"
"1978","CFR","L","ATL","NBA","HOU","NBA","2","0"
"1978","CFR","L","PHI","NBA","NJN","NBA","2","0"
"1978","CSF","M","SAS","NBA","PHI","NBA","4","3"
"1978","CSF","M","WSB","NBA","ATL","NBA","4","3"
"1978","F","O","SEA","NBA","WSB","NBA","4","1"
"1978","CF","N","SEA","NBA","PHO","NBA","4","3"
"1978","CFR","L","LAL","NBA","DEN","NBA","2","1"
"1978","CFR","L","PHO","NBA","POR","NBA","2","1"
"1978","CSF","M","PHO","NBA","KCK","NBA","4","1"
"1978","CSF","M","SEA","NBA","LAL","NBA","4","1"
"1979","CF","N","PHI","NBA","BOS","NBA","4","1"
"1979","CFR","L","PHI","NBA","WSB","NBA","2","0"
"1979","CFR","L","HOU","NBA","SAS","NBA","2","1"
"1979","CSF","M","BOS","NBA","HOU","NBA","4","0"
"1979","CSF","M","PHI","NBA","ATL","NBA","4","1"
"1979","F","O","LAL","NBA","PHI","NBA","4","2"
"1979","CF","N","LAL","NBA","SEA","NBA","4","1"
"1979","CFR","L","PHO","NBA","KCK","NBA","2","1"
"1979","CFR","L","SEA","NBA","POR","NBA","2","1"
"1979","CSF","M","LAL","NBA","PHO","NBA","4","1"
"1979","CSF","M","SEA","NBA","MIL","NBA","4","3"
"1980","CF","N","BOS","NBA","PHI","NBA","4","3"
"1980","CFR","L","CHI","NBA","NYK","NBA","2","0"
"1980","CFR","L","PHI","NBA","IND","NBA","2","0"
"1980","CSF","M","BOS","NBA","CHI","NBA","4","0"
"1980","CSF","M","PHI","NBA","MIL","NBA","4","3"
"1980","CF","N","HOU","NBA","KCK","NBA","4","1"
"1980","CFR","L","HOU","NBA","LAL","NBA","2","1"
"1980","CFR","L","KCK","NBA","POR","NBA","2","1"
"1980","CSF","M","HOU","NBA","SAS","NBA","4","3"
"1980","CSF","M","KCK","NBA","PHO","NBA","4","3"
"1981","CF","N","PHI","NBA","BOS","NBA","4","3"
"1981","CFR","L","PHI","NBA","ATL","NBA","2","0"
"1981","CFR","L","WSB","NBA","NJN","NBA","2","0"
"1981","CSF","M","BOS","NBA","WSB","NBA","4","1"
"1981","CSF","M","PHI","NBA","MIL","NBA","4","2"
"1981","F","O","LAL","NBA","PHI","NBA","4","2"
"1981","CF","N","LAL","NBA","SAS","NBA","4","0"
"1981","CFR","L","PHO","NBA","DEN","NBA","2","1"
"1981","CFR","L","SEA","NBA","HOU","NBA","2","1"
"1981","CSF","M","LAL","NBA","PHO","NBA","4","0"
"1981","CSF","M","SAS","NBA","SEA","NBA","4","1"
"1982","CF","N","PHI","NBA","MIL","NBA","4","1"
"1982","CFR","L","NYK","NBA","NJN","NBA","2","0"
"1982","CFR","L","BOS","NBA","ATL","NBA","2","1"
"1982","CSF","M","MIL","NBA","BOS","NBA","4","0"
"1982","CSF","M","PHI","NBA","NYK","NBA","4","0"
"1982","F","O","PHI","NBA","LAL","NBA","4","0"
"1982","CF","N","LAL","NBA","SAS","NBA","4","2"
"1982","CFR","L","POR","NBA","SEA","NBA","2","0"
"1982","CFR","L","DEN","NBA","PHO","NBA","2","1"
"1982","CSF","M","LAL","NBA","POR","NBA","4","1"
"1982","CSF","M","SAS","NBA","DEN","NBA","4","1"
"1983","CF","N","BOS","NBA","MIL","NBA","4","1"
"1983","CFR","L","BOS","NBA","WSB","NBA","3","1"
"1983","CFR","L","MIL","NBA","ATL","NBA","3","2"
"1983","CFR","L","NJN","NBA","PHI","NBA","3","2"
"1983","CFR","L","NYK","NBA","DET","NBA","3","2"
"1983","CSF","M","MIL","NBA","NJN","NBA","4","2"
"1983","CSF","M","BOS","NBA","NYK","NBA","4","3"
"1983","F","O","BOS","NBA","LAL","NBA","4","3"
"1983","CF","N","LAL","NBA","PHO","NBA","4","2"
"1983","CFR","L","LAL","NBA","KCK","NBA","3","0"
"1983","CFR","L","DAL","NBA","SEA","NBA","3","2"
"1983","CFR","L","PHO","NBA","POR","NBA","3","2"
"1983","CFR","L","UTA","NBA","DEN","NBA","3","2"
"1983","CSF","M","LAL","NBA","DAL","NBA","4","1"
"1983","CSF","M","PHO","NBA","UTA","NBA","4","2"
"1984","CF","N","BOS","NBA","PHI","NBA","4","1"
"1984","CFR","L","DET","NBA","NJN","NBA","3","0"
"1984","CFR","L","BOS","NBA","CLE","NBA","3","1"
"1984","CFR","L","MIL","NBA","CHI","NBA","3","1"
"1984","CFR","L","PHI","NBA","WSB","NBA","3","1"
"1984","CSF","M","PHI","NBA","MIL","NBA","4","0"
"1984","CSF","M","BOS","NBA","DET","NBA","4","2"
"1984","F","O","LAL","NBA","BOS","NBA","4","2"
"1984","CF","N","LAL","NBA","DEN","NBA","4","1"
"1984","CFR","L","LAL","NBA","PHO","NBA","3","0"
"1984","CFR","L","POR","NBA","DAL","NBA","3","1"
"1984","CFR","L","DEN","NBA","SAS","NBA","3","2"
"1984","CFR","L","UTA","NBA","HOU","NBA","3","2"
"1984","CSF","M","DEN","NBA","UTA","NBA","4","1"
"1984","CSF","M","LAL","NBA","POR","NBA","4","1"
"1985","CF","N","BOS","NBA","MIL","NBA","4","0"
"1985","CFR","L","BOS","NBA","CHI","NBA","3","0"
"1985","CFR","L","MIL","NBA","NJN","NBA","3","0"
"1985","CFR","L","ATL","NBA","DET","NBA","3","1"
"1985","CFR","L","PHI","NBA","WSB","NBA","3","2"
"1985","CSF","M","BOS","NBA","ATL","NBA","4","1"
"1985","CSF","M","MIL","NBA","PHI","NBA","4","3"
"1985","F","O","BOS","NBA","HOU","NBA","4","2"
"1985","CF","N","HOU","NBA","LAL","NBA","4","1"
"1985","CFR","L","HOU","NBA","SAC","NBA","3","0"
"1985","CFR","L","LAL","NBA","SAS","NBA","3","0"
"1985","CFR","L","DAL","NBA","UTA","NBA","3","1"
"1985","CFR","L","DEN","NBA","POR","NBA","3","1"
"1985","CSF","M","HOU","NBA","DEN","NBA","4","2"
"1985","CSF","M","LAL","NBA","DAL","NBA","4","2"
"1986","CF","N","BOS","NBA","DET","NBA","4","3"
"1986","CFR","L","BOS","NBA","CHI","NBA","3","0"
"1986","CFR","L","DET","NBA","WSB","NBA","3","0"
"1986","CFR","L","ATL","NBA","IND","NBA","3","1"
"1986","CFR","L","MIL","NBA","PHI","NBA","3","2"
"1986","CSF","M","DET","NBA","ATL","NBA","4","1"
"1986","CSF","M","BOS","NBA","MIL","NBA","4","3"
"1986","CF","N","LAL","NBA","SEA","NBA","4","0"
"1986","CFR","L","LAL","NBA","DEN","NBA","3","0"
"1986","CFR","L","HOU","NBA","POR","NBA","3","1"
"1986","CFR","L","SEA","NBA","DAL","NBA","3","1"
"1986","CFR","L","GSW","NBA","UTA","NBA","3","2"
"1986","CSF","M","LAL","NBA","GSW","NBA","4","1"
"1986","CSF","M","SEA","NBA","HOU","NBA","4","2"
"1987","CF","N","DET","NBA","BOS","NBA","4","2"
"1987","CFR","L","BOS","NBA","NYK","NBA","3","1"
"1987","CFR","L","ATL","NBA","MIL","NBA","3","2"
"1987","CFR","L","CHI","NBA","CLE","NBA","3","2"
"1987","CFR","L","DET","NBA","WSB","NBA","3","2"
"1987","CSF","M","DET","NBA","CHI","NBA","4","1"
"1987","CSF","M","BOS","NBA","ATL","NBA","4","3"
"1987","F","O","LAL","NBA","DET","NBA","4","3"
"1987","CF","N","LAL","NBA","DAL","NBA","4","3"
"1987","CFR","L","LAL","NBA","SAS","NBA","3","0"
"1987","CFR","L","DAL","NBA","HOU","NBA","3","1"
"1987","CFR","L","UTA","NBA","POR","NBA","3","1"
"1987","CFR","L","DEN","NBA","SEA","NBA","3","2"
"1987","CSF","M","DAL","NBA","DEN","NBA","4","2"
"1987","CSF","M","LAL","NBA","UTA","NBA","4","3"
"1988","CF","N","DET","NBA","CHI","NBA","4","2"
"1988","CFR","L","DET","NBA","BOS","NBA","3","0"
"1988","CFR","L","NYK","NBA","PHI","NBA","3","0"
"1988","CFR","L","CHI","NBA","CLE","NBA","3","2"
"1988","CFR","L","MIL","NBA","ATL","NBA","3","2"
"1988","CSF","M","DET","NBA","MIL","NBA","4","0"
"1988","CSF","M","CHI","NBA","NYK","NBA","4","2"
"1988","CF","N","LAL","NBA","PHO","NBA","4","0"
"1988","CFR","L","GSW","NBA","UTA","NBA","3","0"
"1988","CFR","L","LAL","NBA","POR","NBA","3","0"
"1988","CFR","L","PHO","NBA","DEN","NBA","3","0"
"1988","CFR","L","SEA","NBA","HOU","NBA","3","1"
"1988","CSF","M","LAL","NBA","SEA","NBA","4","0"
"1988","CSF","M","PHO","NBA","GSW","NBA","4","1"
"1989","CF","N","DET","NBA","CHI","NBA","4","3"
"1989","CFR","L","DET","NBA","IND","NBA","3","0"
"1989","CFR","L","CHI","NBA","MIL","NBA","3","1"
"1989","CFR","L","NYK","NBA","BOS","NBA","3","2"
"1989","CFR","L","PHI","NBA","CLE","NBA","3","2"
"1989","CSF","M","CHI","NBA","PHI","NBA","4","1"
"1989","CSF","M","DET","NBA","NYK","NBA","4","1"
"1989","F","O","DET","NBA","POR","NBA","4","1"
"1989","CF","N","POR","NBA","PHO","NBA","4","2"
"1989","CFR","L","POR","NBA","DAL","NBA","3","0"
"1989","CFR","L","SAS","NBA","DEN","NBA","3","0"
"1989","CFR","L","LAL","NBA","HOU","NBA","3","1"
"1989","CFR","L","PHO","NBA","UTA","NBA","3","2"
"1989","CSF","M","PHO","NBA","LAL","NBA","4","1"
"1989","CSF","M","POR","NBA","SAS","NBA","4","3"
"1990","CF","N","CHI","NBA","DET","NBA","4","0"
"1990","CFR","L","CHI","NBA","NYK","NBA","3","0"
"1990","CFR","L","PHI","NBA","MIL","NBA","3","0"
"1990","CFR","L","BOS","NBA","IND","NBA","3","2"
"1990","CFR","L","DET","NBA","ATL","NBA","3","2"
"1990","CSF","M","CHI","NBA","PHI","NBA","4","1"
"1990","CSF","M","DET","NBA","BOS","NBA","4","2"
"1990","F","O","CHI","NBA","LAL","NBA","4","1"
"1990","CF","N","LAL","NBA","POR","NBA","4","2"
"1990","CFR","L","LAL","NBA","HOU","NBA","3","0"
"1990","CFR","L","GSW","NBA","SAS","NBA","3","1"
"1990","CFR","L","UTA","NBA","PHO","NBA","3","1"
"1990","CFR","L","POR","NBA","SEA","NBA","3","2"
"1990","CSF","M","LAL","NBA","GSW","NBA","4","1"
"1990","CSF","M","POR","NBA","UTA","NBA","4","1"
"1991","CF","N","CHI","NBA","CLE","NBA","4","2"
"1991","CFR","L","BOS","NBA","IND","NBA","3","0"
"1991","CFR","L","CHI","NBA","MIA","NBA","3","0"
"1991","CFR","L","CLE","NBA","NJN","NBA","3","1"
"1991","CFR","L","NYK","NBA","DET","NBA","3","2"
"1991","CSF","M","CHI","NBA","NYK","NBA","4","3"
"1991","CSF","M","CLE","NBA","BOS","NBA","4","3"
"1991","F","O","CHI","NBA","POR","NBA","4","2"
"1991","CF","N","POR","NBA","UTA","NBA","4","2"
"1991","CFR","L","PHO","NBA","SAS","NBA","3","0"
"1991","CFR","L","POR","NBA","LAL","NBA","3","1"
"1991","CFR","L","SEA","NBA","GSW","NBA","3","1"
"1991","CFR","L","UTA","NBA","LAC","NBA","3","2"
"1991","CSF","M","POR","NBA","PHO","NBA","4","1"
"1991","CSF","M","UTA","NBA","SEA","NBA","4","1"
"1992","CF","N","CHI","NBA","NYK","NBA","4","2"
"1992","CFR","L","CHI","NBA","ATL","NBA","3","0"
"1992","CFR","L","CHH","NBA","BOS","NBA","3","1"
"1992","CFR","L","NYK","NBA","IND","NBA","3","1"
"1992","CFR","L","CLE","NBA","NJN","NBA","3","2"
"1992","CSF","M","CHI","NBA","CLE","NBA","4","0"
"1992","CSF","M","NYK","NBA","CHH","NBA","4","1"
"1992","F","O","CHI","NBA","PHO","NBA","4","2"
"1992","CF","N","PHO","NBA","SEA","NBA","4","3"
"1992","CFR","L","SAS","NBA","POR","NBA","3","1"
"1992","CFR","L","HOU","NBA","LAC","NBA","3","2"
"1992","CFR","L","PHO","NBA","LAL","NBA","3","2"
"1992","CFR","L","SEA","NBA","UTA","NBA","3","2"
"1992","CSF","M","PHO","NBA","SAS","NBA","4","2"
"1992","CSF","M","SEA","NBA","HOU","NBA","4","3"
"1993","CF","N","NYK","NBA","IND","NBA","4","3"
"1993","CFR","L","CHI","NBA","CLE","NBA","3","0"
"1993","CFR","L","IND","NBA","ORL","NBA","3","0"
"1993","CFR","L","NYK","NBA","NJN","NBA","3","1"
"1993","CFR","L","ATL","NBA","MIA","NBA","3","2"
"1993","CSF","M","IND","NBA","ATL","NBA","4","2"
"1993","CSF","M","NYK","NBA","CHI","NBA","4","3"
"1993","F","O","HOU","NBA","NYK","NBA","4","3"
"1993","CF","N","HOU","NBA","UTA","NBA","4","1"
"1993","CFR","L","PHO","NBA","GSW","NBA","3","0"
"1993","CFR","L","HOU","NBA","POR","NBA","3","1"
"1993","CFR","L","UTA","NBA","SAS","NBA","3","1"
"1993","CFR","L","DEN","NBA","SEA","NBA","3","2"
"1993","CSF","M","HOU","NBA","PHO","NBA","4","3"
"1993","CSF","M","UTA","NBA","DEN","NBA","4","3"
"1994","CF","N","ORL","NBA","IND","NBA","4","3"
"1994","CFR","L","IND","NBA","ATL","NBA","3","0"
"1994","CFR","L","CHI","NBA","CHH","NBA","3","1"
"1994","CFR","L","NYK","NBA","CLE","NBA","3","1"
"1994","CFR","L","ORL","NBA","BOS","NBA","3","1"
"1994","CSF","M","ORL","NBA","CHI","NBA","4","2"
"1994","CSF","M","IND","NBA","NYK","NBA","4","3"
"1994","F","O","HOU","NBA","ORL","NBA","4","0"
"1994","CF","N","HOU","NBA","SAS","NBA","4","2"
"1994","CFR","L","PHO","NBA","POR","NBA","3","0"
"1994","CFR","L","SAS","NBA","DEN","NBA","3","0"
"1994","CFR","L","LAL","NBA","SEA","NBA","3","1"
"1994","CFR","L","HOU","NBA","UTA","NBA","3","2"
"1994","CSF","M","SAS","NBA","LAL","NBA","4","2"
"1994","CSF","M","HOU","NBA","PHO","NBA","4","3"
"1995","CF","N","CHI","NBA","ORL","NBA","4","0"
"1995","CFR","L","CHI","NBA","MIA","NBA","3","0"
"1995","CFR","L","NYK","NBA","CLE","NBA","3","0"
"1995","CFR","L","ORL","NBA","DET","NBA","3","0"
"1995","CFR","L","ATL","NBA","IND","NBA","3","2"
"1995","CSF","M","CHI","NBA","NYK","NBA","4","1"
"1995","CSF","M","ORL","NBA","ATL","NBA","4","1"
"1995","F","O","CHI","NBA","SEA","NBA","4","2"
"1995","CF","N","SEA","NBA","UTA","NBA","4","3"
"1995","CFR","L","HOU","NBA","LAL","NBA","3","1"
"1995","CFR","L","SAS","NBA","PHO","NBA","3","1"
"1995","CFR","L","SEA","NBA","SAC","NBA","3","1"
"1995","CFR","L","UTA","NBA","POR","NBA","3","2"
"1995","CSF","M","SEA","NBA","HOU","NBA","4","0"
"1995","CSF","M","UTA","NBA","SAS","NBA","4","2"
"1996","CF","N","CHI","NBA","MIA","NBA","4","1"
"1996","CFR","L","CHI","NBA","WSB","NBA","3","0"
"1996","CFR","L","NYK","NBA","CHH","NBA","3","0"
"1996","CFR","L","ATL","NBA","DET","NBA","3","2"
"1996","CFR","L","MIA","NBA","ORL","NBA","3","2"
"1996","CSF","M","CHI","NBA","ATL","NBA","4","1"
"1996","CSF","M","MIA","NBA","NYK","NBA","4","3"
"1996","F","O","CHI","NBA","UTA","NBA","4","2"
"1996","CF","N","UTA","NBA","HOU","NBA","4","2"
"1996","CFR","L","HOU","NBA","MIN","NBA","3","0"
"1996","CFR","L","UTA","NBA","LAC","NBA","3","0"
"1996","CFR","L","LAL","NBA","POR","NBA","3","1"
"1996","CFR","L","SEA","NBA","PHO","NBA","3","2"
"1996","CSF","M","UTA","NBA","LAL","NBA","4","1"
"1996","CSF","M","HOU","NBA","SEA","NBA","4","3"
"1997","CF","N","CHI","NBA","IND","NBA","4","3"
"1997","CFR","L","CHI","NBA","NJN","NBA","3","0"
"1997","CFR","L","CHH","NBA","ATL","NBA","3","1"
"1997","CFR","L","IND","NBA","CLE","NBA","3","1"
"1997","CFR","L","NYK","NBA","MIA","NBA","3","2"
"1997","CSF","M","CHI","NBA","CHH","NBA","4","1"
"1997","CSF","M","IND","NBA","NYK","NBA","4","1"
"1997","F","O","CHI","NBA","UTA","NBA","4","2"
"1997","CF","N","UTA","NBA","LAL","NBA","4","0"
"1997","CFR","L","LAL","NBA","POR","NBA","3","1"
"1997","CFR","L","SAS","NBA","PHO","NBA","3","1"
"1997","CFR","L","SEA","NBA","MIN","NBA","3","2"
"1997","CFR","L","UTA","NBA","HOU","NBA","3","2"
"1997","CSF","M","LAL","NBA","SEA","NBA","4","1"
"1997","CSF","M","UTA","NBA","SAS","NBA","4","1"
"1998","CF","N","NYK","NBA","IND","NBA","4","2"
"1998","CFR","L","IND","NBA","MIL","NBA","3","0"
"1998","CFR","L","PHI","NBA","ORL","NBA","3","1"
"1998","CFR","L","ATL","NBA","DET","NBA","3","2"
"1998","CFR","L","NYK","NBA","MIA","NBA","3","2"
"1998","CSF","M","IND","NBA","PHI","NBA","4","0"
"1998","CSF","M","NYK","NBA","ATL","NBA","4","0"
"1998","F","O","SAS","NBA","NYK","NBA","4","1"
"1998","CF","N","SAS","NBA","POR","NBA","4","0"
"1998","CFR","L","POR","NBA","PHO","NBA","3","0"
"1998","CFR","L","LAL","NBA","HOU","NBA","3","1"
"1998","CFR","L","SAS","NBA","MIN","NBA","3","1"
"1998","CFR","L","UTA","NBA","SAC","NBA","3","2"
"1998","CSF","M","SAS","NBA","LAL","NBA","4","0"
"1998","CSF","M","POR","NBA","UTA","NBA","4","2"
"1999","CF","N","IND","NBA","NYK","NBA","4","2"
"1999","CFR","L","MIA","NBA","DET","NBA","3","0"
"1999","CFR","L","NYK","NBA","TOR","NBA","3","0"
"1999","CFR","L","PHI","NBA","CHH","NBA","3","1"
"1999","CFR","L","IND","NBA","MIL","NBA","3","2"
"1999","CSF","M","IND","NBA","PHI","NBA","4","2"
"1999","CSF","M","NYK","NBA","MIA","NBA","4","3"
"1999","F","O","LAL","NBA","IND","NBA","4","2"
"1999","CF","N","LAL","NBA","POR","NBA","4","3"
"1999","CFR","L","PHO","NBA","SAS","NBA","3","1"
"1999","CFR","L","POR","NBA","MIN","NBA","3","1"
"1999","CFR","L","LAL","NBA","SAC","NBA","3","2"
"1999","CFR","L","UTA","NBA","SEA","NBA","3","2"
"1999","CSF","M","LAL","NBA","PHO","NBA","4","1"
"1999","CSF","M","POR","NBA","UTA","NBA","4","1"
"2000","CF","N","PHI","NBA","MIL","NBA","4","3"
"2000","CFR","L","CHH","NBA","MIA","NBA","3","0"
"2000","CFR","L","MIL","NBA","ORL","NBA","3","1"
"2000","CFR","L","PHI","NBA","IND","NBA","3","1"
"2000","CFR","L","TOR","NBA","NYK","NBA","3","2"
"2000","CSF","M","MIL","NBA","CHH","NBA","4","3"
"2000","CSF","M","PHI","NBA","TOR","NBA","4","3"
"2000","F","O","LAL","NBA","PHI","NBA","4","1"
"2000","CF","N","LAL","NBA","SAS","NBA","4","0"
"2000","CFR","L","LAL","NBA","POR","NBA","3","0"
"2000","CFR","L","SAC","NBA","PHO","NBA","3","1"
"2000","CFR","L","SAS","NBA","MIN","NBA","3","1"
"2000","CFR","L","DAL","NBA","UTA","NBA","3","2"
"2000","CSF","M","LAL","NBA","SAC","NBA","4","0"
"2000","CSF","M","SAS","NBA","DAL","NBA","4","1"
"2001","CF","N","NJN","NBA","BOS","NBA","4","2"
"2001","CFR","L","CHH","NBA","ORL","NBA","3","1"
"2001","CFR","L","BOS","NBA","PHI","NBA","3","2"
"2001","CFR","L","DET","NBA","TOR","NBA","3","2"
"2001","CFR","L","NJN","NBA","IND","NBA","3","2"
"2001","CSF","M","BOS","NBA","DET","NBA","4","1"
"2001","CSF","M","NJN","NBA","CHH","NBA","4","1"
"2001","F","O","LAL","NBA","NJN","NBA","4","0"
"2001","CF","N","LAL","NBA","SAC","NBA","4","3"
"2001","CFR","L","DAL","NBA","MIN","NBA","3","0"
"2001","CFR","L","LAL","NBA","POR","NBA","3","0"
"2001","CFR","L","SAC","NBA","UTA","NBA","3","1"
"2001","CFR","L","SAS","NBA","SEA","NBA","3","2"
"2001","CSF","M","LAL","NBA","SAS","NBA","4","1"
"2001","CSF","M","SAC","NBA","DAL","NBA","4","1"
"2002","CF","N","NJN","NBA","DET","NBA","4","0"
"2002","CFR","L","BOS","NBA","IND","NBA","4","2"
"2002","CFR","L","NJN","NBA","MIL","NBA","4","2"
"2002","CFR","L","PHI","NBA","NOH","NBA","4","2"
"2002","CFR","L","DET","NBA","ORL","NBA","4","3"
"2002","CSF","M","NJN","NBA","BOS","NBA","4","0"
"2002","CSF","M","DET","NBA","PHI","NBA","4","2"
"2002","F","O","SAS","NBA","NJN","NBA","4","2"
"2002","CF","N","SAS","NBA","DAL","NBA","4","2"
"2002","CFR","L","SAC","NBA","UTA","NBA","4","1"
"2002","CFR","L","LAL","NBA","MIN","NBA","4","2"
"2002","CFR","L","SAS","NBA","PHO","NBA","4","2"
"2002","CFR","L","DAL","NBA","POR","NBA","4","3"
"2002","CSF","M","SAS","NBA","LAL","NBA","4","2"
"2002","CSF","M","DAL","NBA","SAC","NBA","4","3"
"2003","CF","N","DET","NBA","IND","NBA","4","2"
"2003","CFR","L","IND","NBA","BOS","NBA","4","0"
"2003","CFR","L","NJN","NBA","NYK","NBA","4","0"
"2003","CFR","L","DET","NBA","MIL","NBA","4","1"
"2003","CFR","L","MIA","NBA","NOH","NBA","4","3"
"2003","CSF","M","IND","NBA","MIA","NBA","4","2"
"2003","CSF","M","DET","NBA","NJN","NBA","4","3"
"2003","F","O","DET","NBA","LAL","NBA","4","1"
"2003","CF","N","LAL","NBA","MIN","NBA","4","2"
"2003","CFR","L","SAS","NBA","MEM","NBA","4","0"
"2003","CFR","L","LAL","NBA","HOU","NBA","4","1"
"2003","CFR","L","MIN","NBA","DEN","NBA","4","1"
"2003","CFR","L","SAC","NBA","DAL","NBA","4","1"
"2003","CSF","M","LAL","NBA","SAS","NBA","4","2"
"2003","CSF","M","MIN","NBA","SAC","NBA","4","3"
"2004","CF","N","DET","NBA","MIA","NBA","4","3"
"2004","CFR","L","MIA","NBA","NJN","NBA","4","0"
"2004","CFR","L","DET","NBA","PHI","NBA","4","1"
"2004","CFR","L","WAS","NBA","CHI","NBA","4","2"
"2004","CFR","L","IND","NBA","BOS","NBA","4","3"
"2004","CSF","M","MIA","NBA","WAS","NBA","4","0"
"2004","CSF","M","DET","NBA","IND","NBA","4","2"
"2004","F","O","SAS","NBA","DET","NBA","4","3"
"2004","CF","N","SAS","NBA","PHO","NBA","4","1"
"2004","CFR","L","PHO","NBA","MEM","NBA","4","0"
"2004","CFR","L","SAS","NBA","DEN","NBA","4","1"
"2004","CFR","L","SEA","NBA","SAC","NBA","4","1"
"2004","CFR","L","DAL","NBA","HOU","NBA","4","3"
"2004","CSF","M","PHO","NBA","DAL","NBA","4","2"
"2004","CSF","M","SAS","NBA","SEA","NBA","4","2"
"2005","CF","N","MIA","NBA","DET","NBA","4","2"
"2005","CFR","L","DET","NBA","MIL","NBA","4","1"
"2005","CFR","L","CLE","NBA","WAS","NBA","4","2"
"2005","CFR","L","MIA","NBA","CHI","NBA","4","2"
"2005","CFR","L","NJN","NBA","IND","NBA","4","2"
"2005","CSF","M","MIA","NBA","NJN","NBA","4","1"
"2005","CSF","M","DET","NBA","CLE","NBA","4","3"
"2005","F","O","MIA","NBA","DAL","NBA","4","2"
"2005","CF","N","DAL","NBA","PHO","NBA","4","2"
"2005","CFR","L","DAL","NBA","MEM","NBA","4","0"
"2005","CFR","L","LAC","NBA","DEN","NBA","4","1"
"2005","CFR","L","SAS","NBA","SAC","NBA","4","2"
"2005","CFR","L","PHO","NBA","LAL","NBA","4","3"
"2005","CSF","M","DAL","NBA","SAS","NBA","4","3"
"2005","CSF","M","PHO","NBA","LAC","NBA","4","3"
"2006","CF","N","CLE","NBA","DET","NBA","4","2"
"2006","CFR","L","CHI","NBA","MIA","NBA","4","0"
"2006","CFR","L","CLE","NBA","WAS","NBA","4","0"
"2006","CFR","L","DET","NBA","ORL","NBA","4","0"
"2006","CFR","L","NJN","NBA","TOR","NBA","4","2"
"2006","CSF","M","CLE","NBA","NJN","NBA","4","2"
"2006","CSF","M","DET","NBA","CHI","NBA","4","2"
"2006","F","O","SAS","NBA","CLE","NBA","4","0"
"2006","CF","N","SAS","NBA","UTA","NBA","4","1"
"2006","CFR","L","PHO","NBA","LAL","NBA","4","1"
"2006","CFR","L","SAS","NBA","DEN","NBA","4","1"
"2006","CFR","L","GSW","NBA","DAL","NBA","4","2"
"2006","CFR","L","UTA","NBA","HOU","NBA","4","3"
"2006","CSF","M","UTA","NBA","GSW","NBA","4","1"
"2006","CSF","M","SAS","NBA","PHO","NBA","4","2"
"2007","CF","N","BOS","NBA","DET","NBA","4","2"
"2007","CFR","L","ORL","NBA","TOR","NBA","4","1"
"2007","CFR","L","CLE","NBA","WAS","NBA","4","2"
"2007","CFR","L","DET","NBA","PHI","NBA","4","2"
"2007","CFR","L","BOS","NBA","ATL","NBA","4","3"
"2007","CSF","M","DET","NBA","ORL","NBA","4","1"
"2007","CSF","M","BOS","NBA","CLE","NBA","4","3"
"2007","F","O","BOS","NBA","LAL","NBA","4","2"
"2007","CF","N","LAL","NBA","SAS","NBA","4","1"
"2007","CFR","L","LAL","NBA","DEN","NBA","4","0"
"2007","CFR","L","NOH","NBA","DAL","NBA","4","1"
"2007","CFR","L","SAS","NBA","PHO","NBA","4","1"
"2007","CFR","L","UTA","NBA","HOU","NBA","4","2"
"2007","CSF","M","LAL","NBA","UTA","NBA","4","2"
"2007","CSF","M","SAS","NBA","NOH","NBA","4","3"
"2008","CF","N","ORL","NBA","CLE","NBA","4","2"
"2008","CFR","L","CLE","NBA","DET","NBA","4","0"
"2008","CFR","L","ORL","NBA","PHI","NBA","4","2"
"2008","CFR","L","ATL","NBA","MIA","NBA","4","3"
"2008","CFR","L","BOS","NBA","CHI","NBA","4","3"
"2008","CSF","M","CLE","NBA","ATL","NBA","4","0"
"2008","CSF","M","ORL","NBA","BOS","NBA","4","3"
"2008","F","O","LAL","NBA","ORL","NBA","4","1"
"2008","CF","N","LAL","NBA","DEN","NBA","4","2"
"2008","CFR","L","DAL","NBA","SAS","NBA","4","1"
"2008","CFR","L","DEN","NBA","NOH","NBA","4","1"
"2008","CFR","L","LAL","NBA","UTA","NBA","4","1"
"2008","CFR","L","HOU","NBA","POR","NBA","4","2"
"2008","CSF","M","DEN","NBA","DAL","NBA","4","1"
"2008","CSF","M","LAL","NBA","HOU","NBA","4","3"
"2009","CF","N","BOS","NBA","ORL","NBA","4","2"
"2009","CFR","L","ORL","NBA","CHA","NBA","4","0"
"2009","CFR","L","BOS","NBA","MIA","NBA","4","1"
"2009","CFR","L","CLE","NBA","CHI","NBA","4","1"
"2009","CFR","L","ATL","NBA","MIL","NBA","4","3"
"2009","CSF","M","ORL","NBA","ATL","NBA","4","0"
"2009","CSF","M","BOS","NBA","CLE","NBA","4","2"
"2009","F","O","LAL","NBA","BOS","NBA","4","3"
"2009","CF","N","LAL","NBA","PHO","NBA","4","2"
"2009","CFR","L","LAL","NBA","OKC","NBA","4","2"
"2009","CFR","L","PHO","NBA","POR","NBA","4","2"
"2009","CFR","L","SAS","NBA","DAL","NBA","4","2"
"2009","CFR","L","UTA","NBA","DEN","NBA","4","2"
"2009","CSF","M","LAL","NBA","UTA","NBA","4","0"
"2009","CSF","M","PHO","NBA","SAS","NBA","4","0"
"2010","CF","N","MIA","NBA","CHI","NBA","4","1"
"2010","CFR","L","BOS","NBA","NYK","NBA","4","0"
"2010","CFR","L","CHI","NBA","IND","NBA","4","1"
"2010","CFR","L","MIA","NBA","PHI","NBA","4","1"
"2010","CFR","L","ATL","NBA","ORL","NBA","4","2"
"2010","CSF","M","MIA","NBA","BOS","NBA","4","1"
"2010","CSF","M","CHI","NBA","ATL","NBA","4","2"
"2010","F","O","DAL","NBA","MIA","NBA","4","2"
"2010","CF","N","DAL","NBA","OKC","NBA","4","1"
"2010","CFR","L","OKC","NBA","DEN","NBA","4","1"
"2010","CFR","L","DAL","NBA","POR","NBA","4","2"
"2010","CFR","L","LAL","NBA","NOH","NBA","4","2"
"2010","CFR","L","MEM","NBA","SAS","NBA","4","2"
"2010","CSF","M","DAL","NBA","LAL","NBA","4","0"
"2010","CSF","M","OKC","NBA","MEM","NBA","4","3"
"2011","CF","N","MIA","NBA","BOS","NBA","4","3"
"2011","CFR","L","IND","NBA","ORL","NBA","4","1"
"2011","CFR","L","MIA","NBA","NYK","NBA","4","1"
"2011","CFR","L","BOS","NBA","ATL","NBA","4","2"
"2011","CFR","L","PHI","NBA","CHI","NBA","4","2"
"2011","CSF","M","MIA","NBA","IND","NBA","4","2"
"2011","CSF","M","BOS","NBA","PHI","NBA","4","3"
"2011","F","O","MIA","NBA","OKC","NBA","4","1"
"2011","CF","N","OKC","NBA","SAS","NBA","4","2"
"2011","CFR","L","OKC","NBA","DAL","NBA","4","0"
"2011","CFR","L","SAS","NBA","UTA","NBA","4","0"
"2011","CFR","L","LAC","NBA","MEM","NBA","4","3"
"2011","CFR","L","LAL","NBA","DEN","NBA","4","3"
"2011","CSF","M","SAS","NBA","LAC","NBA","4","0"
"2011","CSF","M","OKC","NBA","LAL","NBA","4","1"
"1980","F","O","BOS","NBA","HOU","NBA","4","2"
"1986","F","O","LAL","NBA","BOS","NBA","4","2"
"1988","F","O","DET","NBA","LAL","NBA","4","0"
"1967","F","D","PTP","ABA","NOB","ABA","4","3"
"1967","DF","C","PTP","ABA","MNM","ABA","4","1"
"1967","DF","C","NOB","ABA","DLC","ABA","4","1"
"1967","DSF","B","MNM","ABA","KEN","ABA","3","2"
"1967","DSF","B","PTP","ABA","INA","ABA","3","0"
"1967","DSF","B","DLC","ABA","HSM","ABA","3","0"
"1967","DSF","B","NOB","ABA","DNR","ABA","3","2"
"1968","F","D","OAK","ABA","INA","ABA","4","1"
"1968","DF","C","INA","ABA","MMF","ABA","4","1"
"1968","DF","C","OAK","ABA","NOB","ABA","4","0"
"1968","DSF","B","INA","ABA","KEN","ABA","4","3"
"1968","DSF","B","MMF","ABA","MNP","ABA","4","3"
"1968","DSF","B","NOB","ABA","DLC","ABA","4","3"
"1968","DSF","B","OAK","ABA","DNR","ABA","4","3"
"1969","F","D","INA","ABA","LAS","ABA","4","2"
"1969","DF","C","INA","ABA","KEN","ABA","4","1"
"1969","DF","C","LAS","ABA","DNR","ABA","4","1"
"1969","DSF","B","INA","ABA","CAR","ABA","4","0"
"1969","DSF","B","KEN","ABA","NYA","ABA","4","3"
"1969","DSF","B","DNR","ABA","WSA","ABA","4","3"
"1969","DSF","B","LAS","ABA","DLC","ABA","4","2"
"1970","F","D","UTS","ABA","KEN","ABA","4","3"
"1970","DF","C","KEN","ABA","VIR","ABA","4","2"
"1970","DF","C","UTS","ABA","INA","ABA","4","3"
"1970","DSF","B","KEN","ABA","FLO","ABA","4","2"
"1970","DSF","B","VIR","ABA","NYA","ABA","4","2"
"1970","DSF","B","INA","ABA","MMP","ABA","4","0"
"1970","DSF","B","UTS","ABA","TEX","ABA","4","0"
"1970","DT","A","TEX","ABA","DNR","ABA","1","0"
"1971","F","D","INA","ABA","NYA","ABA","4","2"
"1971","DF","C","NYA","ABA","VIR","ABA","4","3"
"1971","DF","C","INA","ABA","UTS","ABA","4","3"
"1971","DSF","B","NYA","ABA","KEN","ABA","4","2"
"1971","DSF","B","VIR","ABA","FLO","ABA","4","0"
"1971","DSF","B","INA","ABA","DNR","ABA","4","3"
"1971","DSF","B","UTS","ABA","DLC","ABA","4","0"
"1972","F","D","INA","ABA","KEN","ABA","4","3"
"1972","DF","C","KEN","ABA","CAR","ABA","4","3"
"1972","DF","C","INA","ABA","UTS","ABA","4","2"
"1972","DSF","B","CAR","ABA","NYA","ABA","4","1"
"1972","DSF","B","KEN","ABA","VIR","ABA","4","1"
"1972","DSF","B","INA","ABA","DNR","ABA","4","1"
"1972","DSF","B","UTS","ABA","SDA","ABA","4","0"
"1973","F","D","NYA","ABA","UTS","ABA","4","1"
"1973","DF","C","NYA","ABA","KEN","ABA","4","0"
"1973","DF","C","UTS","ABA","INA","ABA","4","3"
"1973","DSF","B","KEN","ABA","CAR","ABA","4","0"
"1973","DSF","B","NYA","ABA","VIR","ABA","4","1"
"1973","DSF","B","INA","ABA","SAA","ABA","4","3"
"1973","DSF","B","UTS","ABA","SDA","ABA","4","2"
"1973","DT","A","SDA","ABA","DNR","ABA","1","0"
"1974","F","D","KEN","ABA","INA","ABA","4","1"
"1974","DF","C","KEN","ABA","SSL","ABA","4","1"
"1974","DF","C","INA","ABA","DNA","ABA","4","3"
"1974","DSF","B","KEN","ABA","MMS","ABA","4","1"
"1974","DSF","B","SSL","ABA","NYA","ABA","4","1"
"1974","DSF","B","DNA","ABA","UTS","ABA","4","2"
"1974","DSF","B","INA","ABA","SAA","ABA","4","2"
"1974","DT","A","KEN","ABA","NYA","ABA","1","0"
"1975","F","D","NYA","ABA","DNA","ABA","4","2"
"1975","SF","C","DNA","ABA","KEN","ABA","4","3"
"1975","SF","C","NYA","ABA","SAA","ABA","4","3"
"1975","FR","B","KEN","ABA","INA","ABA","2","1"
